Player,Age,Tm,First,Pts Won,Pts Max,Share,G,MP,PTS,TRB,AST,STL,BLK,FG%,3P%,FT%,WS,WS/48,Year,Link
Sidney Moncrief,26,MIL,19.0,19.0,76,0.250,79,38.9,20.9,6.7,4.5,1.4,0.3,.498,.278,.848,12.7,.198,1984,/players/m/moncrsi01.html
Mark Eaton,27,UTA,14.0,14.0,76,0.184,82,26.1,5.6,7.3,1.4,0.3,4.3,.466,.000,.593,3.7,.084,1984,/players/e/eatonma01.html
Dennis Johnson,29,BOS,7.0,7.0,76,0.092,80,33.3,13.2,3.5,4.2,1.2,0.7,.437,.125,.852,5.7,.102,1984,/players/j/johnsde01.html
Maurice Cheeks,27,PHI,5.0,5.0,76,0.066,75,33.3,12.7,2.7,6.4,2.3,0.3,.550,.400,.733,7.3,.141,1984,/players/c/cheekma01.html
Michael Cooper,27,LAL,5.0,5.0,76,0.066,82,29.1,9.0,3.2,5.9,1.4,0.8,.497,.314,.838,6.5,.130,1984,/players/c/coopemi01.html
Bobby Jones,32,PHI,5.0,5.0,76,0.066,75,23.5,8.3,4.3,2.5,1.4,1.4,.523,.000,.784,6.0,.163,1984,/players/j/jonesbo01.html
T.R. Dunn,28,DEN,4.0,4.0,76,0.053,80,33.8,5.7,7.2,2.9,2.2,0.4,.470,.000,.731,4.1,.073,1984,/players/d/dunntr01.html
Rickey Green,29,UTA,3.0,3.0,76,0.039,81,34.2,13.2,2.8,9.2,2.7,0.2,.486,.118,.821,7.9,.138,1984,/players/g/greenri01.html
Larry Nance,24,PHO,2.0,2.0,76,0.026,82,35.4,17.7,8.3,2.6,1.0,2.1,.576,.000,.707,9.8,.163,1984,/players/n/nancela01.html
Calvin Natt,27,POR,2.0,2.0,76,0.026,79,33.4,16.2,6.0,2.3,0.9,0.3,.583,.118,.797,8.4,.154,1984,/players/n/nattca01.html
Rory Sparrow,25,NYK,2.0,2.0,76,0.026,79,30.8,10.4,2.4,6.8,1.3,0.1,.474,.256,.824,4.2,.083,1984,/players/s/sparrro01.html
Larry Bird,27,BOS,1.0,1.0,76,0.013,79,38.3,24.2,10.1,6.6,1.8,0.9,.492,.247,.888,13.6,.215,1984,/players/b/birdla01.html
Magic Johnson,24,LAL,1.0,1.0,76,0.013,67,38.3,17.6,7.3,13.1,2.2,0.7,.565,.207,.810,10.2,.191,1984,/players/j/johnsma02.html
Bill Laimbeer,26,DET,1.0,1.0,76,0.013,82,34.9,17.3,12.2,1.8,0.6,1.0,.530,.000,.866,10.8,.181,1984,/players/l/laimbbi01.html
Moses Malone,28,PHI,1.0,1.0,76,0.013,71,36.8,22.7,13.4,1.4,1.0,1.5,.483,.000,.750,9.5,.175,1984,/players/m/malonmo01.html
Tree Rollins,28,ATL,1.0,1.0,76,0.013,77,30.5,8.6,7.7,0.8,0.5,3.6,.518,,.621,5.5,.113,1984,/players/r/rollitr01.html
Lonnie Shelton,28,CLE,1.0,1.0,76,0.013,79,26.6,10.8,4.8,2.3,1.0,0.7,.476,.200,.764,2.1,.048,1984,/players/s/sheltlo01.html
Mychal Thompson,29,POR,1.0,1.0,76,0.013,79,33.5,15.7,8.7,3.9,1.1,1.4,.524,.000,.667,6.9,.125,1984,/players/t/thompmy01.html
Jamaal Wilkes,30,LAL,1.0,1.0,76,0.013,75,33.4,17.3,4.5,2.9,1.0,0.5,.514,.250,.743,6.0,.115,1984,/players/w/wilkeja01.html
Mark Eaton,28,UTA,32.0,32.0,78,0.410,82,34.3,9.7,11.3,1.5,0.4,5.6,.449,,.712,5.4,.093,1985,/players/e/eatonma01.html
Sidney Moncrief,27,MIL,13.0,13.0,78,0.167,73,37.5,21.7,5.4,5.2,1.6,0.5,.483,.273,.828,11.2,.197,1985,/players/m/moncrsi01.html
Paul Pressey,26,MIL,10.0,10.0,78,0.128,80,36.0,16.1,5.4,6.8,1.6,0.7,.517,.350,.758,9.6,.160,1985,/players/p/presspa01.html
Michael Cooper,28,LAL,9.0,9.0,78,0.115,82,26.7,8.6,3.1,5.2,1.1,0.6,.465,.285,.865,4.6,.102,1985,/players/c/coopemi01.html
Maurice Cheeks,28,PHI,5.0,5.0,78,0.064,78,33.5,13.1,2.8,6.4,2.2,0.3,.570,.231,.879,9.0,.165,1985,/players/c/cheekma01.html
Dennis Johnson,30,BOS,3.0,3.0,78,0.038,80,37.2,15.7,4.0,6.8,1.2,0.5,.462,.269,.853,6.4,.103,1985,/players/j/johnsde01.html
T.R. Dunn,29,DEN,2.0,2.0,78,0.026,81,28.3,5.4,4.8,1.9,1.7,0.2,.489,.000,.724,4.4,.092,1985,/players/d/dunntr01.html
Micheal Ray Richardson,29,NJN,2.0,2.0,78,0.026,82,38.1,20.1,5.6,8.2,3.0,0.3,.469,.252,.767,8.7,.134,1985,/players/r/richami01.html
Danny Vranes,26,SEA,2.0,2.0,78,0.026,76,28.5,5.8,5.7,2.0,1.0,0.8,.463,.250,.528,1.8,.039,1985,/players/v/vraneda01.html
Alvin Robertson,23,SAS,27.0,27.0,78,0.346,82,35.1,17.0,6.3,5.5,3.7,0.5,.514,.276,.795,8.6,.143,1986,/players/r/roberal01.html
Manute Bol,23,WSB,22.0,22.0,78,0.282,80,26.1,3.7,6.0,0.3,0.4,5.0,.460,.000,.488,3.9,.089,1986,/players/b/bolma01.html
Sidney Moncrief,28,MIL,8.0,8.0,78,0.103,73,35.2,20.2,4.6,4.9,1.4,0.2,.489,.320,.859,11.7,.219,1986,/players/m/moncrsi01.html
Michael Cooper,30,LAL,25.0,25.0,78,0.321,82,27.5,10.5,3.1,4.5,1.0,0.5,.438,.385,.851,6.1,.131,1987,/players/c/coopemi01.html
Alvin Robertson,24,SAS,16.0,16.0,78,0.205,81,33.3,17.7,5.2,5.2,3.2,0.4,.466,.271,.753,5.3,.094,1987,/players/r/roberal01.html
Mark Eaton,30,UTA,10.0,10.0,78,0.128,79,31.7,7.7,8.8,1.3,0.5,4.1,.400,,.657,3.6,.068,1987,/players/e/eatonma01.html
Manute Bol,24,WSB,8.0,8.0,78,0.103,82,18.9,3.1,4.4,0.1,0.2,3.7,.446,.000,.672,2.4,.074,1987,/players/b/bolma01.html
Kevin McHale,29,BOS,5.0,5.0,78,0.064,77,39.7,26.1,9.9,2.6,0.5,2.2,.604,.000,.836,14.8,.232,1987,/players/m/mchalke01.html
Maurice Cheeks,30,PHI,4.0,4.0,78,0.051,68,38.6,15.6,3.2,7.9,2.6,0.2,.527,.235,.777,7.9,.145,1987,/players/c/cheekma01.html
Dennis Johnson,32,BOS,3.0,3.0,78,0.038,79,37.1,13.4,3.3,7.5,1.1,0.5,.444,.113,.833,5.2,.085,1987,/players/j/johnsde01.html
T.R. Dunn,31,DEN,1.0,1.0,78,0.013,81,23.9,3.4,3.3,1.8,1.2,0.3,.428,.000,.655,2.4,.060,1987,/players/d/dunntr01.html
Bill Hanzlik,29,DEN,1.0,1.0,78,0.013,73,27.3,13.0,3.5,3.8,1.2,0.4,.412,.275,.786,3.5,.085,1987,/players/h/hanzlbi01.html
Derek Harper,25,DAL,1.0,1.0,78,0.013,77,33.2,16.0,2.6,7.9,2.2,0.3,.501,.358,.684,9.4,.177,1987,/players/h/harpede01.html
Michael Jordan,23,CHI,1.0,1.0,78,0.013,82,40.0,37.1,5.2,4.6,2.9,1.5,.482,.182,.857,16.9,.247,1987,/players/j/jordami01.html
Fat Lever,26,DEN,1.0,1.0,78,0.013,82,37.2,18.9,8.9,8.0,2.5,0.4,.469,.239,.782,9.7,.153,1987,/players/l/leverfa01.html
Paul Pressey,28,MIL,1.0,1.0,78,0.013,61,33.7,13.9,4.9,7.2,1.8,0.8,.477,.291,.738,5.5,.129,1987,/players/p/presspa01.html
Doc Rivers,25,ATL,1.0,1.0,78,0.013,82,31.6,12.8,3.6,10.0,2.1,0.4,.451,.190,.828,10.3,.191,1987,/players/r/riverdo01.html
Michael Jordan,24,CHI,37.0,37.0,80,0.463,82,40.4,35.0,5.5,5.9,3.2,1.6,.535,.132,.841,21.2,.308,1988,/players/j/jordami01.html
Mark Eaton,31,UTA,9.0,9.0,80,0.113,82,33.3,7.0,8.7,0.7,0.5,3.7,.418,,.623,4.1,.072,1988,/players/e/eatonma01.html
Hakeem Olajuwon,25,HOU,7.0,7.0,80,0.088,79,35.8,22.8,12.1,2.1,2.1,2.7,.514,.000,.695,10.7,.182,1988,/players/o/olajuha01.html
Alvin Robertson,25,SAS,6.0,6.0,80,0.075,82,36.3,19.6,6.1,6.8,3.0,0.8,.465,.284,.748,5.8,.094,1988,/players/r/roberal01.html
Michael Cooper,31,LAL,4.0,4.0,80,0.050,61,29.4,8.7,3.7,4.7,1.1,0.4,.392,.320,.858,3.1,.082,1988,/players/c/coopemi01.html
Patrick Ewing,25,NYK,4.0,4.0,80,0.050,82,31.0,20.2,8.2,1.5,1.3,3.0,.555,.000,.716,8.1,.154,1988,/players/e/ewingpa01.html
Fat Lever,27,DEN,4.0,4.0,80,0.050,82,37.3,18.9,8.1,7.8,2.7,0.3,.473,.211,.785,10.4,.163,1988,/players/l/leverfa01.html
Manute Bol,25,WSB,1.0,1.0,80,0.013,77,14.8,2.3,3.6,0.2,0.1,2.7,.455,.000,.531,2.0,.085,1988,/players/b/bolma01.html
Maurice Cheeks,31,PHI,1.0,1.0,80,0.013,79,36.3,13.7,3.2,8.0,2.1,0.3,.495,.136,.825,8.3,.138,1988,/players/c/cheekma01.html
Clyde Drexler,25,POR,1.0,1.0,80,0.013,81,37.8,27.0,6.6,5.8,2.5,0.6,.506,.212,.811,13.2,.207,1988,/players/d/drexlcl01.html
Bob Hansen,27,UTA,1.0,1.0,80,0.013,81,22.2,9.6,2.3,2.2,0.8,0.1,.517,.330,.743,4.4,.118,1988,/players/h/hansebo01.html
Nate McMillan,23,SEA,1.0,1.0,80,0.013,82,29.9,7.6,4.1,8.6,2.1,0.6,.474,.375,.707,6.5,.127,1988,/players/m/mcmilna01.html
Sam Perkins,26,DAL,1.0,1.0,80,0.013,75,33.3,14.2,8.0,1.6,1.0,0.7,.450,.167,.822,6.7,.128,1988,/players/p/perkisa01.html
Paul Pressey,29,MIL,1.0,1.0,80,0.013,75,33.1,13.1,5.0,7.0,1.5,0.5,.491,.205,.798,7.1,.136,1988,/players/p/presspa01.html
Dennis Rodman,26,DET,1.0,1.0,80,0.013,82,26.2,11.6,8.7,1.3,0.9,0.5,.561,.294,.535,6.8,.153,1988,/players/r/rodmade01.html
John Stockton,25,UTA,1.0,1.0,80,0.013,82,34.7,14.7,2.9,13.8,3.0,0.2,.574,.358,.840,14.1,.238,1988,/players/s/stockjo01.html
Mark Eaton,32,UTA,26.0,26.0,85,0.306,82,35.5,6.2,10.3,1.0,0.5,3.8,.462,,.660,6.6,.108,1989,/players/e/eatonma01.html
Hakeem Olajuwon,26,HOU,25.0,25.0,85,0.294,82,36.9,24.8,13.5,1.8,2.6,3.4,.508,.000,.696,12.4,.197,1989,/players/o/olajuha01.html
Dennis Rodman,27,DET,23.0,23.0,85,0.271,82,26.9,9.0,9.4,1.2,0.7,0.9,.595,.231,.626,8.1,.175,1989,/players/r/rodmade01.html
Manute Bol,26,GSW,4.0,4.0,85,0.047,80,22.1,3.9,5.8,0.3,0.1,4.3,.369,.220,.606,1.7,.046,1989,/players/b/bolma01.html
Michael Jordan,25,CHI,3.0,3.0,85,0.035,81,40.2,32.5,8.0,8.0,2.9,0.8,.538,.276,.850,19.8,.292,1989,/players/j/jordami01.html
Patrick Ewing,26,NYK,2.0,2.0,85,0.024,80,36.2,22.7,9.3,2.4,1.5,3.5,.567,.000,.746,10.9,.181,1989,/players/e/ewingpa01.html
Fat Lever,28,DEN,1.0,1.0,85,0.012,71,38.7,19.8,9.3,7.9,2.7,0.3,.457,.348,.785,9.2,.161,1989,/players/l/leverfa01.html
Buck Williams,28,NJN,1.0,1.0,85,0.012,74,33.1,13.0,9.4,1.1,0.8,0.5,.531,.000,.666,5.2,.101,1989,/players/w/willibu01.html
Dennis Rodman,28,DET,49.0,49.0,92,0.533,82,29.0,8.8,9.7,0.9,0.6,0.7,.581,.111,.654,9.3,.189,1990,/players/r/rodmade01.html
Hakeem Olajuwon,27,HOU,35.0,35.0,92,0.380,82,38.1,24.3,14.0,2.9,2.1,4.6,.501,.167,.713,11.2,.173,1990,/players/o/olajuha01.html
Joe Dumars,26,DET,2.0,2.0,92,0.022,75,34.4,17.8,2.8,4.9,0.8,0.0,.480,.400,.900,8.7,.162,1990,/players/d/dumarjo01.html
Derek Harper,28,DAL,2.0,2.0,92,0.022,82,36.7,18.0,3.0,7.4,2.3,0.3,.488,.371,.794,9.9,.158,1990,/players/h/harpede01.html
Mark Eaton,33,UTA,1.0,1.0,92,0.011,82,27.8,4.8,7.3,0.5,0.4,2.5,.527,,.669,5.3,.112,1990,/players/e/eatonma01.html
Patrick Ewing,27,NYK,1.0,1.0,92,0.011,82,38.6,28.6,10.9,2.2,1.0,4.0,.551,.250,.775,13.5,.205,1990,/players/e/ewingpa01.html
Michael Jordan,26,CHI,1.0,1.0,92,0.011,82,39.0,33.6,6.9,6.3,2.8,0.7,.526,.376,.848,19.0,.285,1990,/players/j/jordami01.html
Alvin Robertson,27,MIL,1.0,1.0,92,0.011,81,32.1,14.2,6.9,5.5,2.6,0.2,.503,.154,.741,7.5,.138,1990,/players/r/roberal01.html
Dennis Rodman,29,DET,51.0,51.0,96,0.531,82,33.5,8.2,12.5,1.0,0.8,0.7,.493,.200,.631,8.7,.151,1991,/players/r/rodmade01.html
David Robinson,25,SAS,18.0,18.0,96,0.188,82,37.7,25.6,13.0,2.5,1.5,3.9,.552,.143,.762,17.0,.264,1991,/players/r/robinda01.html
Alvin Robertson,28,MIL,15.0,15.0,96,0.156,81,32.1,13.6,5.7,5.5,3.0,0.2,.485,.365,.757,7.7,.142,1991,/players/r/roberal01.html
Joe Dumars,27,DET,3.0,3.0,96,0.031,80,38.1,20.4,2.3,5.5,1.1,0.1,.481,.311,.890,9.9,.155,1991,/players/d/dumarjo01.html
Hakeem Olajuwon,28,HOU,2.0,2.0,96,0.021,56,36.8,21.2,13.8,2.3,2.2,3.9,.508,.000,.769,8.6,.201,1991,/players/o/olajuha01.html
Buck Williams,30,POR,2.0,2.0,96,0.021,80,32.3,11.7,9.4,1.2,0.6,0.6,.602,,.705,8.5,.158,1991,/players/w/willibu01.html
Patrick Ewing,28,NYK,1.0,1.0,96,0.010,81,38.3,26.6,11.2,3.0,1.0,3.2,.514,.000,.745,10.0,.155,1991,/players/e/ewingpa01.html
Derek Harper,29,DAL,1.0,1.0,96,0.010,77,37.4,19.7,3.0,7.1,1.9,0.2,.467,.362,.731,7.6,.127,1991,/players/h/harpede01.html
Michael Jordan,27,CHI,1.0,1.0,96,0.010,82,37.0,31.5,6.0,5.5,2.7,1.0,.539,.312,.851,20.3,.321,1991,/players/j/jordami01.html
Scottie Pippen,25,CHI,1.0,1.0,96,0.010,82,36.8,17.8,7.3,6.2,2.4,1.1,.520,.309,.706,11.2,.179,1991,/players/p/pippesc01.html
John Stockton,28,UTA,1.0,1.0,96,0.010,82,37.8,17.2,2.9,14.2,2.9,0.2,.507,.345,.836,14.0,.217,1991,/players/s/stockjo01.html
David Robinson,26,SAS,46.0,46.0,96,0.479,68,37.7,23.2,12.2,2.7,2.3,4.5,.551,.125,.701,13.9,.260,1992,/players/r/robinda01.html
Dennis Rodman,30,DET,39.0,39.0,96,0.406,82,40.3,9.8,18.7,2.3,0.8,0.9,.539,.317,.600,12.6,.183,1992,/players/r/rodmade01.html
Michael Jordan,28,CHI,3.0,3.0,96,0.031,80,38.8,30.1,6.4,6.1,2.3,0.9,.519,.270,.832,17.7,.274,1992,/players/j/jordami01.html
Scottie Pippen,26,CHI,3.0,3.0,96,0.031,82,38.6,21.0,7.7,7.0,1.9,1.1,.506,.200,.760,12.7,.192,1992,/players/p/pippesc01.html
Joe Dumars,28,DET,2.0,2.0,96,0.021,82,38.9,19.9,2.3,4.6,0.9,0.1,.448,.408,.867,8.2,.123,1992,/players/d/dumarjo01.html
Karl Malone,28,UTA,1.0,1.0,96,0.010,81,37.7,28.0,11.2,3.0,1.3,0.6,.526,.176,.778,15.1,.237,1992,/players/m/malonka01.html
Hakeem Olajuwon,29,HOU,1.0,1.0,96,0.010,70,37.7,21.6,12.1,2.2,1.8,4.3,.502,.000,.766,9.8,.178,1992,/players/o/olajuha01.html
Buck Williams,31,POR,1.0,1.0,96,0.010,80,31.5,11.3,8.8,1.4,0.8,0.5,.604,.000,.754,9.2,.175,1992,/players/w/willibu01.html
Hakeem Olajuwon,30,HOU,73.0,73.0,98,0.745,82,39.5,26.1,13.0,3.5,1.8,4.2,.529,.000,.779,15.8,.234,1993,/players/o/olajuha01.html
Michael Jordan,29,CHI,9.0,9.0,98,0.092,78,39.3,32.6,6.7,5.5,2.8,0.8,.495,.352,.837,17.2,.270,1993,/players/j/jordami01.html
David Robinson,27,SAS,9.0,9.0,98,0.092,82,39.2,23.4,11.7,3.7,1.5,3.2,.501,.176,.732,13.2,.197,1993,/players/r/robinda01.html
Dennis Rodman,31,DET,3.0,3.0,98,0.031,62,38.9,7.5,18.3,1.6,0.8,0.7,.427,.205,.534,5.5,.110,1993,/players/r/rodmade01.html
Patrick Ewing,30,NYK,1.0,1.0,98,0.010,81,37.1,24.2,12.1,1.9,0.9,2.0,.503,.143,.719,10.6,.170,1993,/players/e/ewingpa01.html
Dan Majerle,27,PHO,1.0,1.0,98,0.010,82,39.0,16.9,4.7,3.8,1.7,0.4,.464,.381,.778,9.8,.147,1993,/players/m/majerda01.html
Charles Oakley,29,NYK,1.0,1.0,98,0.010,82,27.2,6.9,8.6,1.5,1.0,0.2,.508,.000,.722,7.3,.157,1993,/players/o/oaklech01.html
John Starks,27,NYK,1.0,1.0,98,0.010,80,31.0,17.5,2.6,5.1,1.1,0.2,.428,.321,.795,7.5,.145,1993,/players/s/starkjo01.html
Hakeem Olajuwon,31,HOU,23.0,23.0,101,0.228,80,41.0,27.3,11.9,3.6,1.6,3.7,.528,.421,.716,14.3,.210,1994,/players/o/olajuha01.html
David Robinson,28,SAS,22.0,22.0,101,0.218,80,40.5,29.8,10.7,4.8,1.7,3.3,.507,.345,.749,20.0,.296,1994,/players/r/robinda01.html
Dikembe Mutombo,27,DEN,19.0,19.0,101,0.188,82,34.8,12.0,11.8,1.5,0.7,4.1,.569,.000,.583,9.4,.158,1994,/players/m/mutomdi01.html
Scottie Pippen,28,CHI,11.0,11.0,101,0.109,72,38.3,22.0,8.7,5.6,2.9,0.8,.491,.320,.660,11.2,.194,1994,/players/p/pippesc01.html
Gary Payton,25,SEA,9.0,9.0,101,0.089,82,35.1,16.5,3.3,6.0,2.3,0.2,.504,.278,.595,9.3,.155,1994,/players/p/paytoga01.html
Dennis Rodman,32,SAS,8.0,8.0,101,0.079,79,37.8,4.7,17.3,2.3,0.7,0.4,.534,.208,.520,8.7,.140,1994,/players/r/rodmade01.html
Mookie Blaylock,26,ATL,3.0,3.0,101,0.030,81,36.0,13.8,5.2,9.7,2.6,0.5,.411,.334,.730,10.2,.168,1994,/players/b/blaylmo01.html
Nate McMillan,29,SEA,3.0,3.0,101,0.030,73,25.8,6.0,3.9,5.3,3.0,0.3,.447,.391,.564,6.0,.154,1994,/players/m/mcmilna01.html
Charles Oakley,30,NYK,2.0,2.0,101,0.020,82,35.8,11.8,11.8,2.7,1.3,0.2,.478,.000,.776,10.5,.172,1994,/players/o/oaklech01.html
Horace Grant,28,CHI,1.0,1.0,101,0.010,70,36.7,15.1,11.0,3.4,1.1,1.2,.524,.000,.596,10.0,.188,1994,/players/g/grantho01.html
Dikembe Mutombo,28,DEN,45.0,45.0,105,0.429,82,37.8,11.5,12.5,1.4,0.5,3.9,.556,,.654,8.7,.135,1995,/players/m/mutomdi01.html
Scottie Pippen,29,CHI,16.0,16.0,105,0.152,79,38.2,21.4,8.1,5.2,2.9,1.1,.480,.345,.716,11.8,.188,1995,/players/p/pippesc01.html
Hakeem Olajuwon,32,HOU,13.0,13.0,105,0.124,72,39.6,27.8,10.8,3.5,1.8,3.4,.517,.188,.756,10.7,.181,1995,/players/o/olajuha01.html
David Robinson,29,SAS,12.0,12.0,105,0.114,81,38.0,27.6,10.8,2.9,1.7,3.2,.530,.300,.774,17.5,.273,1995,/players/r/robinda01.html
Dennis Rodman,33,SAS,11.0,11.0,105,0.105,49,32.0,7.1,16.8,2.0,0.6,0.5,.571,.000,.676,5.8,.178,1995,/players/r/rodmade01.html
Derrick McKey,28,IND,2.0,2.0,105,0.019,81,34.6,13.3,4.9,3.4,1.5,0.6,.493,.360,.744,7.4,.127,1995,/players/m/mckeyde01.html
Nate McMillan,30,SEA,2.0,2.0,105,0.019,80,25.9,5.2,3.8,5.3,2.1,0.7,.418,.342,.586,5.1,.119,1995,/players/m/mcmilna01.html
Alonzo Mourning,24,CHH,2.0,2.0,105,0.019,77,38.2,21.3,9.9,1.4,0.6,2.9,.519,.324,.761,9.4,.153,1995,/players/m/mournal01.html
Gary Payton,26,SEA,2.0,2.0,105,0.019,82,36.8,20.6,3.4,7.1,2.5,0.2,.509,.302,.716,11.7,.187,1995,/players/p/paytoga01.html
Gary Payton,27,SEA,56.0,56.0,113,0.496,81,39.0,19.3,4.2,7.5,2.9,0.2,.484,.328,.748,11.5,.174,1996,/players/p/paytoga01.html
Scottie Pippen,30,CHI,15.0,15.0,113,0.133,77,36.7,19.4,6.4,5.9,1.7,0.7,.463,.374,.679,12.3,.209,1996,/players/p/pippesc01.html
Dikembe Mutombo,29,DEN,11.0,11.0,113,0.097,74,36.7,11.0,11.8,1.5,0.5,4.5,.499,.000,.695,7.6,.134,1996,/players/m/mutomdi01.html
David Robinson,30,SAS,9.0,9.0,113,0.080,82,36.8,25.0,12.2,3.0,1.4,3.3,.516,.333,.761,18.3,.290,1996,/players/r/robinda01.html
Hakeem Olajuwon,33,HOU,8.0,8.0,113,0.071,72,38.8,26.9,10.9,3.6,1.6,2.9,.514,.214,.724,9.7,.166,1996,/players/o/olajuha01.html
Michael Jordan,32,CHI,7.0,7.0,113,0.062,82,37.7,30.4,6.6,4.3,2.2,0.5,.495,.427,.834,20.4,.317,1996,/players/j/jordami01.html
Dennis Rodman,34,CHI,4.0,4.0,113,0.035,64,32.6,5.5,14.9,2.5,0.6,0.4,.480,.111,.528,6.2,.143,1996,/players/r/rodmade01.html
Horace Grant,30,ORL,1.0,1.0,113,0.009,63,36.3,13.4,9.2,2.7,1.0,1.2,.513,.167,.734,8.0,.169,1996,/players/g/grantho01.html
Bo Outlaw,24,LAC,1.0,1.0,113,0.009,80,12.3,3.6,2.5,0.6,0.6,1.1,.575,.000,.444,2.3,.111,1996,/players/o/outlabo01.html
Latrell Sprewell,25,GSW,1.0,1.0,113,0.009,78,39.3,18.9,4.9,4.2,1.6,0.6,.428,.323,.789,5.5,.086,1996,/players/s/sprewla01.html
Dikembe Mutombo,30,ATL,60.0,60.0,115,0.522,80,37.2,13.3,11.6,1.4,0.6,3.3,.527,,.705,11.3,.183,1997,/players/m/mutomdi01.html
Gary Payton,28,SEA,25.0,25.0,115,0.217,82,39.2,21.8,4.6,7.1,2.4,0.2,.476,.313,.715,12.9,.193,1997,/players/p/paytoga01.html
Mookie Blaylock,29,ATL,18.0,18.0,115,0.157,78,39.2,17.4,5.3,5.9,2.7,0.3,.432,.366,.753,12.5,.197,1997,/players/b/blaylmo01.html
Scottie Pippen,31,CHI,4.0,4.0,115,0.035,82,37.7,20.2,6.5,5.7,1.9,0.5,.474,.368,.701,13.1,.203,1997,/players/p/pippesc01.html
Michael Jordan,33,CHI,3.0,3.0,115,0.026,82,37.9,29.6,5.9,4.3,1.7,0.5,.486,.374,.833,18.3,.283,1997,/players/j/jordami01.html
Joe Dumars,33,DET,1.0,1.0,115,0.009,79,37.0,14.7,2.4,4.0,0.7,0.0,.440,.432,.867,8.8,.144,1997,/players/d/dumarjo01.html
Mario Elie,33,HOU,1.0,1.0,115,0.009,78,34.4,11.7,3.0,4.0,1.2,0.2,.497,.420,.896,8.9,.159,1997,/players/e/eliema01.html
Rick Fox,27,BOS,1.0,1.0,115,0.009,76,34.9,15.4,5.2,3.8,2.2,0.5,.456,.363,.787,5.2,.094,1997,/players/f/foxri01.html
Horace Grant,31,ORL,1.0,1.0,115,0.009,67,37.3,12.6,9.0,2.4,1.5,1.0,.515,.167,.715,7.7,.148,1997,/players/g/grantho01.html
Shawn Kemp,27,SEA,1.0,1.0,115,0.009,81,34.0,18.7,10.0,1.9,1.5,1.0,.510,.364,.742,10.0,.174,1997,/players/k/kempsh01.html
Dikembe Mutombo,31,ATL,39.0,39.0,116,0.336,82,35.6,13.4,11.4,1.0,0.4,3.4,.537,,.670,10.8,.177,1998,/players/m/mutomdi01.html
Gary Payton,29,SEA,37.0,37.0,116,0.319,82,38.4,19.2,4.6,8.3,2.3,0.2,.453,.338,.744,12.5,.190,1998,/players/p/paytoga01.html
David Robinson,32,SAS,10.0,10.0,116,0.086,73,33.7,21.6,10.6,2.7,0.9,2.6,.511,.250,.735,13.8,.269,1998,/players/r/robinda01.html
Michael Jordan,34,CHI,6.0,6.0,116,0.052,82,38.8,28.7,5.8,3.5,1.7,0.5,.465,.238,.784,15.8,.238,1998,/players/j/jordami01.html
Mookie Blaylock,30,ATL,4.0,4.0,116,0.034,70,38.6,13.2,4.9,6.7,2.6,0.3,.392,.269,.709,5.6,.099,1998,/players/b/blaylmo01.html
Tim Duncan,21,SAS,4.0,4.0,116,0.034,82,39.1,21.1,11.9,2.7,0.7,2.5,.549,.000,.662,12.8,.192,1998,/players/d/duncati01.html
Bo Outlaw,26,ORL,4.0,4.0,116,0.034,82,36.0,9.5,7.8,2.6,1.3,2.2,.554,.250,.575,7.6,.124,1998,/players/o/outlabo01.html
Dennis Rodman,36,CHI,4.0,4.0,116,0.034,80,35.7,4.7,15.0,2.9,0.6,0.2,.431,.174,.550,7.8,.131,1998,/players/r/rodmade01.html
Anthony Mason,31,CHH,2.0,2.0,116,0.017,81,38.9,12.8,10.2,4.2,0.8,0.2,.509,.000,.649,9.3,.141,1998,/players/m/masonan01.html
Scottie Pippen,32,CHI,2.0,2.0,116,0.017,44,37.5,19.1,5.2,5.8,1.8,1.0,.447,.318,.777,6.6,.193,1998,/players/p/pippesc01.html
Kevin Garnett,21,MIN,1.0,1.0,116,0.009,82,39.3,18.5,9.6,4.2,1.7,1.8,.491,.188,.738,9.6,.143,1998,/players/g/garneke01.html
Kendall Gill,29,NJN,1.0,1.0,116,0.009,81,33.7,13.4,4.8,2.5,1.9,0.8,.429,.257,.688,5.9,.104,1998,/players/g/gillke01.html
Horace Grant,32,ORL,1.0,1.0,116,0.009,76,36.9,12.1,8.1,2.3,1.1,1.0,.459,.000,.678,7.1,.122,1998,/players/g/grantho01.html
Brevin Knight,22,CLE,1.0,1.0,116,0.009,80,31.0,9.0,3.2,8.2,2.5,0.2,.441,.000,.801,8.4,.163,1998,/players/k/knighbr01.html
Alonzo Mourning,28,MIA,89.0,89.0,118,0.754,46,38.1,20.1,11.0,1.6,0.7,3.9,.511,.000,.652,7.9,.216,1999,/players/m/mournal01.html
Dikembe Mutombo,32,ATL,10.0,10.0,118,0.085,50,36.6,10.8,12.2,1.1,0.3,2.9,.512,,.684,7.9,.206,1999,/players/m/mutomdi01.html
Gary Payton,30,SEA,6.0,6.0,118,0.051,50,40.2,21.7,4.9,8.7,2.2,0.2,.434,.295,.721,7.2,.172,1999,/players/p/paytoga01.html
David Robinson,33,SAS,3.0,3.0,118,0.025,49,31.7,15.8,10.0,2.1,1.4,2.4,.509,.000,.658,8.4,.261,1999,/players/r/robinda01.html
Tim Duncan,22,SAS,2.0,2.0,118,0.017,50,39.3,21.7,11.4,2.4,0.9,2.5,.495,.143,.690,8.7,.213,1999,/players/d/duncati01.html
Theo Ratliff,25,PHI,2.0,2.0,118,0.017,50,32.5,11.2,8.1,0.6,0.9,3.0,.470,,.725,5.4,.159,1999,/players/r/ratlith01.html
Michael Curry,30,MIL,1.0,1.0,118,0.008,50,22.9,4.9,2.2,1.6,0.8,0.1,.437,.067,.797,1.7,.070,1999,/players/c/currymi01.html
Kevin Garnett,22,MIN,1.0,1.0,118,0.008,47,37.9,20.8,10.4,4.3,1.7,1.8,.460,.286,.704,5.4,.146,1999,/players/g/garneke01.html
Eddie Jones,27,TOT,1.0,1.0,118,0.008,50,37.6,15.6,3.9,3.7,2.5,1.2,.437,.338,.782,6.0,.153,1999,/players/j/jonesed02.html
Hakeem Olajuwon,36,HOU,1.0,1.0,118,0.008,50,35.7,18.9,9.6,1.8,1.6,2.5,.514,.308,.717,6.5,.175,1999,/players/o/olajuha01.html
Scottie Pippen,33,HOU,1.0,1.0,118,0.008,50,40.2,14.5,6.5,5.9,2.0,0.7,.432,.340,.721,4.9,.116,1999,/players/p/pippesc01.html
Clifford Robinson,32,PHO,1.0,1.0,118,0.008,50,34.8,16.4,4.5,2.6,1.5,1.2,.475,.417,.697,5.3,.146,1999,/players/r/robincl02.html
Alonzo Mourning,29,MIA,62.0,62.0,121,0.512,79,34.8,21.7,9.5,1.6,0.5,3.7,.551,.000,.711,12.9,.226,2000,/players/m/mournal01.html
Shaquille O'Neal,27,LAL,21.0,21.0,121,0.174,79,40.0,29.7,13.6,3.8,0.5,3.0,.574,.000,.524,18.6,.283,2000,/players/o/onealsh01.html
Eddie Jones,28,CHH,11.0,11.0,121,0.091,72,39.0,20.1,4.8,4.2,2.7,0.7,.427,.375,.864,10.1,.172,2000,/players/j/jonesed02.html
Dikembe Mutombo,33,ATL,11.0,11.0,121,0.091,82,36.4,11.5,14.1,1.3,0.3,3.3,.562,,.708,9.9,.160,2000,/players/m/mutomdi01.html
Kobe Bryant,21,LAL,4.0,4.0,121,0.033,66,38.2,22.5,6.3,4.9,1.6,0.9,.468,.319,.821,10.6,.202,2000,/players/b/bryanko01.html
Gary Payton,31,SEA,4.0,4.0,121,0.033,82,41.8,24.2,6.5,8.9,1.9,0.2,.448,.340,.735,13.9,.195,2000,/players/p/paytoga01.html
Kevin Garnett,23,MIN,2.0,2.0,121,0.017,81,40.0,22.9,11.8,5.0,1.5,1.6,.497,.370,.765,11.6,.172,2000,/players/g/garneke01.html
Kendall Gill,31,NJN,1.0,1.0,121,0.008,76,31.0,13.1,3.7,2.8,1.8,0.5,.414,.256,.710,3.7,.076,2000,/players/g/gillke01.html
Jason Kidd,26,PHO,1.0,1.0,121,0.008,67,39.0,14.3,7.2,10.1,2.0,0.4,.409,.337,.829,8.5,.156,2000,/players/k/kiddja01.html
Anthony Mason,33,CHH,1.0,1.0,121,0.008,82,38.2,11.6,8.5,4.5,0.9,0.4,.480,.000,.746,8.9,.136,2000,/players/m/masonan01.html
Bo Outlaw,28,ORL,1.0,1.0,121,0.008,82,28.4,6.0,6.4,3.0,1.4,1.8,.602,.000,.506,6.8,.140,2000,/players/o/outlabo01.html
Scottie Pippen,34,POR,1.0,1.0,121,0.008,82,33.5,12.5,6.3,5.0,1.4,0.5,.451,.327,.717,7.8,.137,2000,/players/p/pippesc01.html
Clifford Robinson,33,PHO,1.0,1.0,121,0.008,80,35.5,18.5,4.5,2.8,1.1,0.8,.464,.370,.782,9.6,.162,2000,/players/r/robincl02.html
Dikembe Mutombo,34,TOT,48.0,48.0,123,0.390,75,34.5,10.0,13.5,1.0,0.4,2.7,.484,,.725,8.1,.151,2001,/players/m/mutomdi01.html
Kevin Garnett,24,MIN,26.0,26.0,123,0.211,81,39.5,22.0,11.4,5.0,1.4,1.8,.477,.288,.764,11.8,.176,2001,/players/g/garneke01.html
Tim Duncan,24,SAS,14.0,14.0,123,0.114,82,38.7,22.2,12.2,3.0,0.9,2.3,.499,.259,.618,13.2,.200,2001,/players/d/duncati01.html
Doug Christie,30,SAC,9.0,9.0,123,0.073,81,36.3,12.3,4.4,3.6,2.3,0.6,.395,.376,.897,8.7,.141,2001,/players/c/chrisdo01.html
David Robinson,35,SAS,6.0,6.0,123,0.049,80,29.6,14.4,8.6,1.5,1.0,2.5,.486,.000,.747,12.1,.246,2001,/players/r/robinda01.html
Ben Wallace,26,DET,6.0,6.0,123,0.049,80,34.5,6.4,13.2,1.5,1.3,2.3,.490,.250,.336,7.0,.121,2001,/players/w/wallabe01.html
Theo Ratliff,27,PHI,4.0,4.0,123,0.033,50,36.0,12.4,8.3,1.2,0.6,3.7,.499,,.760,5.2,.138,2001,/players/r/ratlith01.html
Bruce Bowen,29,MIA,2.0,2.0,123,0.016,82,32.7,7.6,3.0,1.6,1.0,0.6,.363,.336,.609,4.2,.075,2001,/players/b/bowenbr01.html
Anthony Mason,34,MIA,2.0,2.0,123,0.016,80,40.7,16.1,9.6,3.1,1.0,0.3,.482,,.781,11.6,.171,2001,/players/m/masonan01.html
Shaquille O'Neal,28,LAL,2.0,2.0,123,0.016,74,39.5,28.7,12.7,3.7,0.6,2.8,.572,.000,.513,14.9,.245,2001,/players/o/onealsh01.html
Kobe Bryant,22,LAL,1.0,1.0,123,0.008,68,40.9,28.5,5.9,5.0,1.7,0.6,.464,.305,.853,11.3,.196,2001,/players/b/bryanko01.html
Allen Iverson,25,PHI,1.0,1.0,123,0.008,71,42.0,31.1,3.8,4.6,2.5,0.3,.420,.320,.814,11.8,.190,2001,/players/i/iversal01.html
Jason Kidd,27,PHO,1.0,1.0,123,0.008,77,39.8,16.9,6.4,9.8,2.2,0.3,.411,.297,.814,9.6,.150,2001,/players/k/kiddja01.html
Shawn Marion,22,PHO,1.0,1.0,123,0.008,79,36.2,17.3,10.7,2.0,1.7,1.4,.480,.256,.810,11.7,.196,2001,/players/m/mariosh01.html
Ben Wallace,27,DET,116.0,116.0,120,0.967,80,36.5,7.6,13.0,1.4,1.7,3.5,.531,.000,.423,11.6,.190,2002,/players/w/wallabe01.html
Kevin Garnett,25,MIN,2.0,2.0,120,0.017,81,39.2,21.2,12.1,5.2,1.2,1.6,.470,.319,.801,12.8,.194,2002,/players/g/garneke01.html
Kobe Bryant,23,LAL,1.0,1.0,120,0.008,80,38.3,25.2,5.5,5.5,1.5,0.4,.469,.250,.829,12.7,.199,2002,/players/b/bryanko01.html
Dikembe Mutombo,35,PHI,1.0,1.0,120,0.008,80,36.3,11.5,10.8,1.0,0.4,2.4,.501,,.764,9.6,.158,2002,/players/m/mutomdi01.html
Ben Wallace,28,DET,100.0,531.0,585,0.908,73,39.4,6.9,15.4,1.6,1.4,3.2,.481,.167,.450,10.6,.176,2003,/players/w/wallabe01.html
Metta World Peace,23,IND,2.0,122.0,585,0.209,69,33.6,15.5,5.2,2.9,2.3,0.7,.428,.336,.736,7.2,.150,2003,/players/a/artesro01.html
Kevin Garnett,26,MIN,8.0,121.0,585,0.207,82,40.5,23.0,13.4,6.0,1.4,1.6,.502,.282,.751,15.6,.225,2003,/players/g/garneke01.html
Tim Duncan,26,SAS,2.0,90.0,585,0.154,81,39.3,23.3,12.9,3.9,0.7,2.9,.513,.273,.710,16.5,.248,2003,/players/d/duncati01.html
Doug Christie,32,SAC,5.0,85.0,585,0.145,80,33.9,9.4,4.3,4.7,2.3,0.5,.479,.395,.810,8.9,.157,2003,/players/c/chrisdo01.html
Allen Iverson,27,PHI,0.0,29.0,585,0.050,82,42.5,27.6,4.2,5.5,2.7,0.2,.414,.277,.774,9.2,.127,2003,/players/i/iversal01.html
Bruce Bowen,31,SAS,0.0,20.0,585,0.034,82,31.3,7.1,2.9,1.4,0.8,0.5,.466,.441,.404,5.1,.096,2003,/players/b/bowenbr01.html
Kobe Bryant,24,LAL,0.0,16.0,585,0.027,82,41.5,30.0,6.9,5.9,2.2,0.8,.451,.383,.843,14.9,.210,2003,/players/b/bryanko01.html
Theo Ratliff,29,ATL,0.0,15.0,585,0.026,81,31.1,8.7,7.5,0.9,0.7,3.2,.464,,.720,4.0,.077,2003,/players/r/ratlith01.html
Eric Snow,29,PHI,0.0,6.0,585,0.010,82,37.9,12.9,3.7,6.6,1.6,0.1,.452,.219,.858,8.4,.130,2003,/players/s/snower01.html
Gary Payton,34,TOT,0.0,5.0,585,0.009,80,40.1,20.4,4.2,8.3,1.7,0.3,.454,.297,.710,9.1,.136,2003,/players/p/paytoga01.html
Kenyon Martin,25,NJN,0.0,4.0,585,0.007,77,34.1,16.7,8.3,2.4,1.3,0.9,.470,.209,.653,7.1,.129,2003,/players/m/martike01.html
Adonal Foyle,27,GSW,0.0,3.0,585,0.005,82,21.8,5.4,6.0,0.5,0.5,2.5,.536,.000,.673,4.0,.106,2003,/players/f/foylead01.html
Shawn Marion,24,PHO,0.0,3.0,585,0.005,81,41.6,21.2,9.5,2.4,2.3,1.2,.452,.387,.851,13.0,.186,2003,/players/m/mariosh01.html
Shaquille O'Neal,30,LAL,0.0,3.0,585,0.005,67,37.8,27.5,11.1,3.1,0.6,2.4,.574,,.622,13.2,.250,2003,/players/o/onealsh01.html
Metta World Peace,24,IND,80.0,476.0,605,0.787,73,37.2,18.3,5.3,3.7,2.1,0.7,.421,.310,.733,8.0,.141,2004,/players/a/artesro01.html
Ben Wallace,29,DET,26.0,325.0,605,0.537,81,37.7,9.5,12.4,1.7,1.8,3.0,.421,.125,.490,10.2,.160,2004,/players/w/wallabe01.html
Theo Ratliff,30,TOT,8.0,90.0,605,0.149,85,31.3,7.9,7.2,0.8,0.6,3.6,.485,,.645,5.2,.094,2004,/players/r/ratlith01.html
Bruce Bowen,32,SAS,4.0,76.0,605,0.126,82,32.0,6.9,3.1,1.4,1.0,0.4,.420,.363,.579,5.4,.098,2004,/players/b/bowenbr01.html
Andrei Kirilenko,22,UTA,2.0,67.0,605,0.111,78,37.1,16.5,8.1,3.1,1.9,2.8,.443,.338,.790,11.6,.192,2004,/players/k/kirilan01.html
Kevin Garnett,27,MIN,0.0,36.0,605,0.060,82,39.4,24.2,13.9,5.0,1.5,2.2,.499,.256,.791,18.3,.272,2004,/players/g/garneke01.html
Tim Duncan,27,SAS,0.0,8.0,605,0.013,69,36.6,22.3,12.4,3.1,0.9,2.7,.501,.167,.599,13.1,.249,2004,/players/d/duncati01.html
Clifford Robinson,37,GSW,1.0,5.0,605,0.008,82,34.7,11.8,3.9,3.3,0.8,0.9,.387,.357,.711,2.0,.033,2004,/players/r/robincl02.html
Kenyon Martin,26,NJN,0.0,2.0,605,0.003,65,34.6,16.7,9.5,2.5,1.5,1.3,.488,.280,.684,6.7,.142,2004,/players/m/martike01.html
Kobe Bryant,25,LAL,0.0,1.0,605,0.002,65,37.6,24.0,5.5,5.1,1.7,0.4,.438,.327,.852,10.7,.210,2004,/players/b/bryanko01.html
Shaquille O'Neal,31,LAL,0.0,1.0,605,0.002,67,36.8,21.5,11.5,2.9,0.5,2.5,.584,,.490,9.9,.192,2004,/players/o/onealsh01.html
James Posey,27,MEM,0.0,1.0,605,0.002,82,29.9,13.7,4.9,1.5,1.7,0.5,.478,.386,.830,10.0,.195,2004,/players/p/poseyja01.html
Earl Watson,24,MEM,0.0,1.0,605,0.002,81,20.6,5.7,2.2,5.0,1.1,0.2,.371,.245,.652,1.8,.052,2004,/players/w/watsoea01.html
Ben Wallace,30,DET,45.0,339.0,625,0.542,74,36.1,9.7,12.2,1.7,1.4,2.4,.453,.111,.428,8.5,.153,2005,/players/w/wallabe01.html
Bruce Bowen,33,SAS,33.0,247.0,625,0.395,82,32.0,8.2,3.5,1.5,0.7,0.5,.420,.403,.634,6.1,.111,2005,/players/b/bowenbr01.html
Marcus Camby,30,DEN,19.0,168.0,625,0.269,66,30.5,10.3,10.0,2.3,0.9,3.0,.465,.000,.723,5.8,.138,2005,/players/c/cambyma01.html
Tim Duncan,28,SAS,6.0,81.0,625,0.130,66,33.4,20.3,11.1,2.7,0.7,2.6,.496,.333,.670,11.2,.245,2005,/players/d/duncati01.html
Shawn Marion,26,PHO,5.0,57.0,625,0.091,81,38.8,19.4,11.3,1.9,2.0,1.5,.476,.334,.833,12.5,.191,2005,/players/m/mariosh01.html
Larry Hughes,26,WAS,3.0,53.0,625,0.085,61,38.7,22.0,6.3,4.7,2.9,0.3,.430,.282,.777,7.7,.157,2005,/players/h/hughela01.html
Tayshaun Prince,24,DET,6.0,46.0,625,0.074,82,37.1,14.7,5.3,3.0,0.7,0.9,.487,.341,.807,9.4,.149,2005,/players/p/princta01.html
Shaquille O'Neal,32,MIA,3.0,32.0,625,0.051,73,34.1,22.9,10.4,2.7,0.5,2.3,.601,,.461,11.0,.211,2005,/players/o/onealsh01.html
Kevin Garnett,28,MIN,4.0,30.0,625,0.048,82,38.1,22.2,13.5,5.7,1.5,1.4,.502,.240,.811,16.1,.248,2005,/players/g/garneke01.html
Andrei Kirilenko,23,UTA,1.0,25.0,625,0.040,41,32.9,15.6,6.2,3.2,1.6,3.3,.493,.299,.784,5.5,.197,2005,/players/k/kirilan01.html
Allen Iverson,29,PHI,0.0,10.0,625,0.016,75,42.3,30.7,4.0,7.9,2.4,0.1,.424,.308,.835,9.0,.136,2005,/players/i/iversal01.html
Kirk Hinrich,24,CHI,0.0,6.0,625,0.010,77,36.4,15.7,3.9,6.4,1.6,0.3,.397,.355,.792,7.2,.124,2005,/players/h/hinriki01.html
Joel Przybilla,25,POR,0.0,6.0,625,0.010,76,24.4,6.4,7.7,1.0,0.3,2.1,.598,,.517,4.7,.121,2005,/players/p/przybjo01.html
Trenton Hassell,25,MIN,0.0,4.0,625,0.006,82,25.2,6.6,2.7,1.6,0.4,0.4,.474,.091,.789,2.7,.063,2005,/players/h/hassetr01.html
Andre Iguodala,21,PHI,0.0,4.0,625,0.006,82,32.8,9.0,5.7,3.0,1.7,0.6,.493,.331,.743,6.6,.118,2005,/players/i/iguodan01.html
Rasheed Wallace,30,DET,0.0,3.0,625,0.005,79,34.0,14.5,8.2,1.8,0.8,1.5,.440,.318,.697,7.1,.127,2005,/players/w/wallara01.html
David Wesley,34,TOT,0.0,3.0,625,0.005,80,34.7,11.9,2.9,3.3,1.2,0.1,.398,.375,.857,5.2,.089,2005,/players/w/wesleda01.html
Tyson Chandler,22,CHI,0.0,2.0,625,0.003,80,27.4,8.0,9.7,0.8,0.9,1.8,.494,.000,.673,8.3,.183,2005,/players/c/chandty01.html
Manu Ginóbili,27,SAS,0.0,2.0,625,0.003,74,29.6,16.0,4.4,3.9,1.6,0.4,.471,.376,.803,11.0,.240,2005,/players/g/ginobma01.html
Josh Howard,24,DAL,0.0,2.0,625,0.003,76,32.2,12.6,6.4,1.4,1.5,0.6,.475,.296,.733,6.4,.126,2005,/players/h/howarjo01.html
Shane Battier,26,MEM,0.0,1.0,625,0.002,80,31.5,9.9,5.2,1.6,1.1,1.0,.442,.395,.789,7.8,.149,2005,/players/b/battish01.html
Dwight Howard,19,ORL,0.0,1.0,625,0.002,82,32.6,12.0,10.0,0.9,0.9,1.7,.520,.000,.671,7.3,.131,2005,/players/h/howardw01.html
Andrés Nocioni,25,CHI,0.0,1.0,625,0.002,81,23.4,8.4,4.8,1.5,0.5,0.4,.401,.258,.766,2.5,.062,2005,/players/n/nocioan01.html
Emeka Okafor,22,CHA,0.0,1.0,625,0.002,73,35.6,15.1,10.9,0.9,0.8,1.7,.447,.000,.609,4.0,.074,2005,/players/o/okafoem01.html
Dwyane Wade,23,MIA,0.0,1.0,625,0.002,77,38.6,24.1,5.2,6.8,1.6,1.1,.478,.289,.762,11.0,.177,2005,/players/w/wadedw01.html
Ben Wallace,31,DET,58.0,420.0,620,0.677,82,35.2,7.3,11.3,1.9,1.8,2.2,.510,.000,.416,10.1,.168,2006,/players/w/wallabe01.html
Bruce Bowen,34,SAS,38.0,308.0,620,0.497,82,33.6,7.5,3.9,1.5,1.0,0.4,.433,.424,.607,6.2,.108,2006,/players/b/bowenbr01.html
Andrei Kirilenko,24,UTA,12.0,121.0,620,0.195,69,37.7,15.3,8.0,4.3,1.5,3.2,.460,.308,.699,7.9,.145,2006,/players/k/kirilan01.html
Metta World Peace,26,TOT,6.0,65.0,620,0.105,56,39.4,17.6,5.1,3.6,2.2,0.7,.404,.308,.675,3.7,.081,2006,/players/a/artesro01.html
Marcus Camby,31,DEN,3.0,55.0,620,0.089,56,33.2,12.8,11.9,2.1,1.4,3.3,.465,.091,.712,5.5,.141,2006,/players/c/cambyma01.html
Tim Duncan,29,SAS,3.0,42.0,620,0.068,80,34.8,18.6,11.0,3.2,0.9,2.0,.484,.400,.629,10.8,.187,2006,/players/d/duncati01.html
Shawn Marion,27,PHO,0.0,33.0,620,0.053,81,40.3,21.8,11.8,1.8,2.0,1.7,.525,.331,.809,14.6,.214,2006,/players/m/mariosh01.html
Alonzo Mourning,35,MIA,4.0,29.0,620,0.047,65,20.0,7.8,5.5,0.2,0.2,2.7,.597,.000,.594,4.8,.176,2006,/players/m/mournal01.html
Gerald Wallace,23,CHA,0.0,27.0,620,0.044,55,34.5,15.2,7.5,1.7,2.5,2.1,.538,.280,.614,6.4,.163,2006,/players/w/wallage01.html
Shane Battier,27,MEM,0.0,3.0,620,0.005,81,35.0,10.1,5.3,1.7,1.1,1.4,.488,.394,.707,9.1,.153,2006,/players/b/battish01.html
Elton Brand,26,LAC,0.0,3.0,620,0.005,79,39.2,24.7,10.0,2.6,1.0,2.5,.527,.333,.775,14.8,.229,2006,/players/b/brandel01.html
Andre Iguodala,22,PHI,0.0,2.0,620,0.003,82,37.6,12.3,5.9,3.1,1.6,0.3,.500,.354,.754,7.5,.116,2006,/players/i/iguodan01.html
Raja Bell,29,PHO,0.0,1.0,620,0.002,79,37.5,14.7,3.2,2.6,1.0,0.3,.457,.442,.788,6.8,.110,2006,/players/b/bellra01.html
P.J. Brown,36,NOK,0.0,1.0,620,0.002,75,31.7,9.0,7.3,1.2,0.6,0.7,.461,,.827,4.4,.088,2006,/players/b/brownpj01.html
Kevin Garnett,29,MIN,0.0,1.0,620,0.002,76,38.9,21.8,12.7,4.1,1.4,1.4,.526,.267,.810,14.9,.242,2006,/players/g/garneke01.html
Eddie Jones,34,MEM,0.0,1.0,620,0.002,75,32.5,11.8,3.7,2.4,1.7,0.4,.404,.356,.781,7.2,.141,2006,/players/j/jonesed02.html
Andrés Nocioni,26,CHI,0.0,1.0,620,0.002,82,27.3,13.0,6.1,1.4,0.5,0.6,.461,.391,.843,6.7,.144,2006,/players/n/nocioan01.html
James Posey,29,MIA,0.0,1.0,620,0.002,67,28.6,7.2,4.8,1.3,0.8,0.3,.403,.403,.787,4.2,.104,2006,/players/p/poseyja01.html
Tayshaun Prince,25,DET,0.0,1.0,620,0.002,82,35.3,14.1,4.2,2.3,0.8,0.5,.455,.350,.765,7.0,.115,2006,/players/p/princta01.html
Rasheed Wallace,31,DET,0.0,1.0,620,0.002,80,34.8,15.1,6.8,2.3,1.0,1.6,.430,.357,.743,8.9,.154,2006,/players/w/wallara01.html
Marcus Camby,32,DEN,70.0,431.0,650,0.663,70,33.8,11.2,11.7,3.2,1.2,3.3,.473,.000,.729,7.6,.155,2007,/players/c/cambyma01.html
Bruce Bowen,35,SAS,22.0,206.0,650,0.317,82,30.0,6.2,2.7,1.4,0.8,0.3,.405,.384,.589,4.1,.079,2007,/players/b/bowenbr01.html
Tim Duncan,30,SAS,15.0,158.0,650,0.243,80,34.1,20.0,10.6,3.4,0.8,2.4,.546,.111,.637,13.0,.230,2007,/players/d/duncati01.html
Shawn Marion,28,PHO,7.0,93.0,650,0.143,80,37.6,17.5,9.8,1.7,2.0,1.5,.524,.317,.810,12.0,.191,2007,/players/m/mariosh01.html
Shane Battier,28,HOU,7.0,86.0,650,0.132,82,36.4,10.1,4.1,2.1,1.0,0.7,.446,.421,.779,9.0,.144,2007,/players/b/battish01.html
Ben Wallace,32,CHI,1.0,42.0,650,0.065,77,35.0,6.4,10.7,2.4,1.4,2.0,.453,.200,.408,8.2,.146,2007,/players/w/wallabe01.html
Gerald Wallace,24,CHA,3.0,27.0,650,0.042,72,36.7,18.1,7.2,2.6,2.0,1.0,.502,.325,.691,7.7,.141,2007,/players/w/wallage01.html
Metta World Peace,27,SAC,1.0,20.0,650,0.031,70,37.7,18.8,6.5,3.4,2.1,0.6,.440,.358,.740,6.7,.122,2007,/players/a/artesro01.html
Tyson Chandler,24,NOK,0.0,15.0,650,0.023,73,34.6,9.5,12.4,0.9,0.5,1.8,.624,.000,.527,7.9,.150,2007,/players/c/chandty01.html
Jermaine O'Neal,28,IND,1.0,11.0,650,0.017,69,35.6,19.4,9.6,2.4,0.7,2.6,.436,.000,.767,4.7,.091,2007,/players/o/onealje01.html
Emeka Okafor,24,CHA,0.0,10.0,650,0.015,67,34.8,14.4,11.3,1.2,0.9,2.6,.532,,.593,7.1,.147,2007,/players/o/okafoem01.html
Tayshaun Prince,26,DET,0.0,10.0,650,0.015,82,36.6,14.3,5.2,2.8,0.6,0.7,.460,.386,.768,8.0,.128,2007,/players/p/princta01.html
Kevin Garnett,30,MIN,0.0,7.0,650,0.011,76,39.4,22.4,12.8,4.1,1.2,1.7,.476,.214,.835,10.7,.171,2007,/players/g/garneke01.html
Kirk Hinrich,26,CHI,0.0,7.0,650,0.011,80,35.5,16.6,3.4,6.3,1.3,0.3,.448,.415,.835,10.1,.171,2007,/players/h/hinriki01.html
Andrei Kirilenko,25,UTA,0.0,7.0,650,0.011,70,29.3,8.3,4.7,2.9,1.1,2.1,.471,.213,.728,4.4,.104,2007,/players/k/kirilan01.html
Dwight Howard,21,ORL,1.0,6.0,650,0.009,82,36.9,17.6,12.3,1.9,0.9,1.9,.603,.500,.586,9.7,.154,2007,/players/h/howardw01.html
Quinton Ross,25,LAC,1.0,6.0,650,0.009,81,21.0,5.2,2.3,1.1,0.9,0.4,.467,.200,.782,3.2,.090,2007,/players/r/rossqu01.html
Udonis Haslem,26,MIA,1.0,5.0,650,0.008,79,31.4,10.7,8.3,1.2,0.6,0.3,.492,.000,.680,5.1,.099,2007,/players/h/hasleud01.html
Josh Howard,26,DAL,0.0,5.0,650,0.008,70,35.1,18.9,6.8,1.8,1.2,0.8,.459,.385,.827,8.8,.173,2007,/players/h/howarjo01.html
Luol Deng,21,CHI,0.0,4.0,650,0.006,82,37.5,18.8,7.1,2.5,1.2,0.6,.517,.143,.777,11.3,.176,2007,/players/d/denglu01.html
Caron Butler,26,WAS,0.0,3.0,650,0.005,63,39.3,19.1,7.4,3.7,2.1,0.3,.463,.250,.863,5.3,.103,2007,/players/b/butleca01.html
Josh Smith,21,ATL,0.0,3.0,650,0.005,72,36.8,16.4,8.6,3.3,1.4,2.9,.439,.250,.693,4.4,.079,2007,/players/s/smithjo03.html
Raja Bell,30,PHO,0.0,2.0,650,0.003,78,37.4,14.7,3.2,2.5,0.6,0.3,.432,.413,.776,5.8,.095,2007,/players/b/bellra01.html
Kobe Bryant,28,LAL,0.0,1.0,650,0.002,77,40.8,31.6,5.7,5.4,1.4,0.5,.463,.344,.868,13.0,.199,2007,/players/b/bryanko01.html
Devin Harris,23,DAL,0.0,1.0,650,0.002,80,26.0,10.2,2.5,3.7,1.2,0.3,.492,.280,.824,6.5,.151,2007,/players/h/harride01.html
Andre Iguodala,23,PHI,0.0,1.0,650,0.002,76,40.3,18.2,5.7,5.7,2.0,0.4,.447,.310,.820,7.7,.120,2007,/players/i/iguodan01.html
Yao Ming,26,HOU,0.0,1.0,650,0.002,48,33.8,25.0,9.4,2.0,0.4,2.0,.516,.000,.862,7.4,.220,2007,/players/m/mingya01.html
Alonzo Mourning,36,MIA,0.0,1.0,650,0.002,77,20.4,8.6,4.5,0.2,0.2,2.3,.560,,.601,3.5,.107,2007,/players/m/mournal01.html
Anthony Parker,31,TOR,0.0,1.0,650,0.002,73,33.4,12.4,3.9,2.1,1.0,0.2,.477,.441,.835,6.5,.127,2007,/players/p/parkean01.html
Kevin Garnett,31,BOS,90.0,493.0,620,0.795,71,32.8,18.8,9.2,3.4,1.4,1.3,.539,.000,.801,12.9,.265,2008,/players/g/garneke01.html
Marcus Camby,33,DEN,12.0,178.0,620,0.287,79,34.9,9.1,13.1,3.3,1.1,3.6,.450,.300,.708,8.5,.148,2008,/players/c/cambyma01.html
Shane Battier,29,HOU,11.0,175.0,620,0.282,80,36.3,9.3,5.1,1.9,1.0,1.1,.428,.377,.743,8.2,.135,2008,/players/b/battish01.html
Bruce Bowen,36,SAS,7.0,80.0,620,0.129,81,30.2,6.0,2.9,1.1,0.7,0.3,.407,.419,.652,4.4,.085,2008,/players/b/bowenbr01.html
Kobe Bryant,29,LAL,0.0,40.0,620,0.065,82,38.9,28.3,6.3,5.4,1.8,0.5,.459,.361,.840,13.8,.208,2008,/players/b/bryanko01.html
Josh Smith,22,ATL,1.0,34.0,620,0.055,81,35.5,17.2,8.2,3.4,1.5,2.8,.457,.253,.710,5.8,.097,2008,/players/s/smithjo03.html
Dwight Howard,22,ORL,1.0,24.0,620,0.039,82,37.7,20.7,14.2,1.3,0.9,2.1,.599,.000,.590,12.9,.200,2008,/players/h/howardw01.html
Chris Paul,22,NOH,1.0,24.0,620,0.039,80,37.6,21.1,4.0,11.6,2.7,0.1,.488,.369,.851,17.8,.284,2008,/players/p/paulch01.html
Tim Duncan,31,SAS,0.0,22.0,620,0.035,78,34.0,19.3,11.3,2.8,0.7,1.9,.497,.000,.730,11.1,.201,2008,/players/d/duncati01.html
Tayshaun Prince,27,DET,0.0,13.0,620,0.021,82,32.9,13.2,4.9,3.3,0.5,0.4,.448,.363,.768,7.5,.133,2008,/players/p/princta01.html
Tyson Chandler,25,NOH,1.0,10.0,620,0.016,79,35.2,11.8,11.7,1.0,0.6,1.1,.623,.000,.593,10.0,.172,2008,/players/c/chandty01.html
Rasheed Wallace,33,DET,0.0,9.0,620,0.015,77,30.5,12.7,6.6,1.8,1.2,1.7,.432,.356,.767,7.6,.155,2008,/players/w/wallara01.html
Raja Bell,31,PHO,0.0,3.0,620,0.005,75,35.3,11.9,3.7,2.2,0.7,0.4,.421,.401,.868,4.5,.082,2008,/players/b/bellra01.html
Samuel Dalembert,26,PHI,0.0,3.0,620,0.005,82,33.2,10.5,10.4,0.5,0.5,2.3,.513,.000,.707,6.9,.121,2008,/players/d/dalemsa01.html
Richard Hamilton,29,DET,0.0,3.0,620,0.005,72,33.7,17.3,3.3,4.2,1.0,0.1,.484,.440,.833,7.7,.152,2008,/players/h/hamilri01.html
Chauncey Billups,31,DET,0.0,1.0,620,0.002,78,32.3,17.0,2.7,6.8,1.3,0.2,.448,.401,.918,13.5,.257,2008,/players/b/billuch01.html
Andrei Kirilenko,26,UTA,0.0,1.0,620,0.002,72,30.8,11.0,4.7,4.0,1.2,1.5,.506,.379,.770,7.1,.154,2008,/players/k/kirilan01.html
Kyle Lowry,21,MEM,0.0,1.0,620,0.002,82,25.5,9.6,3.0,3.6,1.1,0.3,.432,.257,.698,3.4,.078,2008,/players/l/lowryky01.html
Rajon Rondo,21,BOS,0.0,1.0,620,0.002,77,29.9,10.6,4.2,5.1,1.7,0.2,.492,.263,.611,7.2,.150,2008,/players/r/rondora01.html
Metta World Peace,28,SAC,0.0,1.0,620,0.002,57,38.1,20.5,5.8,3.5,2.3,0.7,.453,.380,.719,4.7,.103,2008,/players/a/artesro01.html
Dwight Howard,23,ORL,105.0,542.0,595,0.911,79,35.7,20.6,13.8,1.4,1.0,2.9,.572,.000,.594,13.8,.234,2009,/players/h/howardw01.html
LeBron James,24,CLE,4.0,148.0,595,0.249,81,37.7,28.4,7.6,7.2,1.7,1.1,.489,.344,.780,20.3,.318,2009,/players/j/jamesle01.html
Dwyane Wade,27,MIA,3.0,90.0,595,0.151,79,38.6,30.2,5.0,7.5,2.2,1.3,.491,.317,.765,14.7,.232,2009,/players/w/wadedw01.html
Shane Battier,30,HOU,2.0,71.0,595,0.119,60,33.9,7.3,4.8,2.3,0.8,0.9,.410,.384,.821,5.2,.123,2009,/players/b/battish01.html
Metta World Peace,29,HOU,1.0,54.0,595,0.091,69,35.5,17.1,5.2,3.3,1.5,0.3,.401,.399,.748,5.5,.108,2009,/players/a/artesro01.html
Chris Paul,23,NOH,1.0,49.0,595,0.082,78,38.5,22.8,5.5,11.0,2.8,0.1,.503,.364,.868,18.3,.292,2009,/players/p/paulch01.html
Kobe Bryant,30,LAL,2.0,43.0,595,0.072,82,36.1,26.8,5.2,4.9,1.5,0.5,.467,.351,.856,12.7,.206,2009,/players/b/bryanko01.html
Kevin Garnett,32,BOS,1.0,31.0,595,0.052,57,31.1,15.8,8.5,2.5,1.1,1.2,.531,.250,.841,7.1,.193,2009,/players/g/garneke01.html
Chris Andersen,30,DEN,0.0,10.0,595,0.017,71,20.6,6.4,6.2,0.4,0.6,2.5,.548,.200,.718,5.4,.176,2009,/players/a/anderch01.html
Rajon Rondo,22,BOS,0.0,8.0,595,0.013,80,33.0,11.9,5.2,8.2,1.9,0.1,.505,.313,.642,9.9,.179,2009,/players/r/rondora01.html
Tim Duncan,32,SAS,0.0,7.0,595,0.012,75,33.7,19.3,10.7,3.5,0.5,1.7,.504,.000,.692,10.1,.191,2009,/players/d/duncati01.html
Raja Bell,32,TOT,0.0,4.0,595,0.007,67,34.6,11.9,3.6,2.1,0.7,0.1,.437,.421,.853,3.6,.074,2009,/players/b/bellra01.html
Andre Iguodala,25,PHI,0.0,3.0,595,0.005,82,39.9,18.8,5.7,5.3,1.6,0.4,.473,.307,.724,9.2,.134,2009,/players/i/iguodan01.html
Anderson Varejão,26,CLE,0.0,3.0,595,0.005,81,28.5,8.6,7.2,1.0,0.9,0.8,.536,.000,.616,8.0,.166,2009,/players/v/varejan01.html
Ronny Turiaf,26,GSW,0.0,2.0,595,0.003,79,21.5,5.9,4.6,2.1,0.4,2.1,.508,.000,.790,3.6,.101,2009,/players/t/turiaro01.html
Trevor Ariza,23,LAL,0.0,1.0,595,0.002,82,24.4,8.9,4.3,1.8,1.7,0.3,.460,.319,.710,6.1,.146,2009,/players/a/arizatr01.html
Marcus Camby,34,LAC,0.0,1.0,595,0.002,62,31.0,10.3,11.1,2.0,0.8,2.1,.512,.250,.725,5.2,.129,2009,/players/c/cambyma01.html
Grant Hill,36,PHO,0.0,1.0,595,0.002,82,29.8,12.0,4.9,2.3,1.1,0.7,.523,.316,.808,5.3,.104,2009,/players/h/hillgr01.html
Joel Przybilla,29,POR,0.0,1.0,595,0.002,82,23.8,5.5,8.7,0.3,0.4,1.2,.625,.000,.663,6.6,.163,2009,/players/p/przybjo01.html
Josh Smith,23,ATL,0.0,1.0,595,0.002,69,35.1,15.6,7.2,2.4,1.4,1.6,.492,.299,.588,4.9,.097,2009,/players/s/smithjo03.html
Hedo Türkoğlu,29,ORL,0.0,1.0,595,0.002,77,36.6,16.8,5.3,4.9,0.8,0.2,.413,.356,.807,7.3,.125,2009,/players/t/turkohe01.html
Dwight Howard,24,ORL,110.0,576.0,610,0.944,82,34.7,18.3,13.2,1.8,0.9,2.8,.612,.000,.592,13.2,.223,2010,/players/h/howardw01.html
Josh Smith,24,ATL,3.0,136.0,610,0.223,81,35.4,15.7,8.7,4.2,1.6,2.1,.505,.000,.618,9.3,.155,2010,/players/s/smithjo03.html
Gerald Wallace,27,CHA,1.0,113.0,610,0.185,76,41.0,18.2,10.0,2.1,1.5,1.1,.484,.371,.776,11.5,.177,2010,/players/w/wallage01.html
LeBron James,25,CLE,4.0,61.0,610,0.100,76,39.0,29.7,7.3,8.6,1.6,1.0,.503,.333,.767,18.5,.299,2010,/players/j/jamesle01.html
Rajon Rondo,23,BOS,1.0,55.0,610,0.090,81,36.6,13.7,4.4,9.8,2.3,0.1,.508,.213,.621,9.6,.156,2010,/players/r/rondora01.html
Metta World Peace,30,LAL,0.0,29.0,610,0.048,77,33.8,11.0,4.3,3.0,1.4,0.3,.414,.355,.688,5.3,.098,2010,/players/a/artesro01.html
Andrew Bogut,25,MIL,1.0,23.0,610,0.038,69,32.3,15.9,10.2,1.8,0.6,2.5,.520,.000,.629,7.5,.161,2010,/players/b/bogutan01.html
Thabo Sefolosha,25,OKC,2.0,20.0,610,0.033,82,28.6,6.0,4.7,1.8,1.2,0.6,.440,.313,.674,4.0,.082,2010,/players/s/sefolth01.html
Anderson Varejão,27,CLE,0.0,18.0,610,0.030,76,28.5,8.6,7.6,1.1,0.9,0.9,.572,.200,.663,8.1,.179,2010,/players/v/varejan01.html
Marcus Camby,35,TOT,0.0,13.0,610,0.021,74,31.3,7.5,11.8,2.5,1.3,2.0,.475,.286,.639,6.8,.142,2010,/players/c/cambyma01.html
Dwyane Wade,28,MIA,0.0,13.0,610,0.021,77,36.3,26.6,4.8,6.5,1.8,1.1,.476,.300,.761,13.0,.224,2010,/players/w/wadedw01.html
Kobe Bryant,31,LAL,0.0,9.0,610,0.015,73,38.8,27.0,5.4,5.0,1.5,0.3,.456,.329,.811,9.4,.160,2010,/players/b/bryanko01.html
Shawn Marion,31,DAL,0.0,8.0,610,0.013,75,31.8,12.0,6.4,1.4,0.9,0.8,.508,.158,.755,5.0,.100,2010,/players/m/mariosh01.html
Tim Duncan,33,SAS,0.0,7.0,610,0.011,78,31.3,17.9,10.1,3.2,0.6,1.5,.518,.182,.725,10.9,.215,2010,/players/d/duncati01.html
Shane Battier,31,HOU,0.0,5.0,610,0.008,67,32.4,8.0,4.7,2.4,0.8,1.1,.398,.362,.726,4.3,.095,2010,/players/b/battish01.html
Andrei Kirilenko,28,UTA,0.0,4.0,610,0.007,58,29.0,11.9,4.6,2.7,1.4,1.2,.506,.292,.744,6.0,.171,2010,/players/k/kirilan01.html
Arron Afflalo,24,DEN,0.0,1.0,610,0.002,82,27.1,8.8,3.1,1.7,0.6,0.4,.465,.434,.735,4.3,.092,2010,/players/a/afflaar01.html
Matt Barnes,29,ORL,0.0,1.0,610,0.002,81,25.9,8.8,5.5,1.7,0.7,0.4,.487,.319,.740,5.9,.135,2010,/players/b/barnema02.html
Brendan Haywood,30,TOT,0.0,1.0,610,0.002,77,30.6,9.1,9.3,0.6,0.3,2.1,.562,.000,.620,6.7,.137,2010,/players/h/haywobr01.html
David Lee,26,NYK,0.0,1.0,610,0.002,81,37.3,20.2,11.7,3.6,1.0,0.5,.545,.000,.812,10.3,.163,2010,/players/l/leeda02.html
Kenyon Martin,32,DEN,0.0,1.0,610,0.002,58,34.2,11.5,9.4,1.9,1.2,1.1,.456,.276,.557,3.3,.079,2010,/players/m/martike01.html
Luc Mbah a Moute,23,MIL,0.0,1.0,610,0.002,73,25.6,6.2,5.5,1.1,0.8,0.5,.480,.353,.699,4.7,.122,2010,/players/m/mbahalu01.html
Kendrick Perkins,25,BOS,0.0,1.0,610,0.002,78,27.6,10.1,7.6,1.0,0.3,1.7,.602,.000,.582,5.2,.117,2010,/players/p/perkike01.html
Ben Wallace,35,DET,0.0,1.0,610,0.002,69,28.6,5.5,8.7,1.5,1.2,1.2,.541,.000,.406,4.7,.115,2010,/players/w/wallabe01.html
Dwight Howard,25,ORL,114.0,585.0,600,0.975,78,37.6,22.9,14.1,1.4,1.4,2.4,.593,.000,.596,14.4,.235,2011,/players/h/howardw01.html
Kevin Garnett,34,BOS,1.0,77.0,600,0.128,71,31.3,14.9,8.9,2.4,1.3,0.8,.528,.200,.862,9.0,.194,2011,/players/g/garneke01.html
Tyson Chandler,28,DAL,0.0,70.0,600,0.117,74,27.8,10.1,9.4,0.4,0.5,1.1,.654,,.732,9.4,.218,2011,/players/c/chandty01.html
Tony Allen,29,MEM,0.0,53.0,600,0.088,72,20.8,8.9,2.7,1.4,1.8,0.6,.510,.174,.753,4.7,.152,2011,/players/a/allento01.html
Rajon Rondo,24,BOS,0.0,45.0,600,0.075,68,37.2,10.6,4.4,11.2,2.3,0.2,.475,.233,.568,6.6,.126,2011,/players/r/rondora01.html
Andrew Bogut,26,MIL,0.0,32.0,600,0.053,65,35.3,12.8,11.1,2.0,0.7,2.6,.495,.000,.442,5.4,.112,2011,/players/b/bogutan01.html
Grant Hill,38,PHO,1.0,30.0,600,0.050,80,30.1,13.2,4.2,2.5,0.8,0.4,.484,.395,.829,4.4,.087,2011,/players/h/hillgr01.html
Andre Iguodala,27,PHI,0.0,29.0,600,0.048,67,36.9,14.1,5.8,6.3,1.5,0.6,.445,.337,.693,6.7,.130,2011,/players/i/iguodan01.html
LeBron James,26,MIA,0.0,25.0,600,0.042,79,38.8,26.7,7.5,7.0,1.6,0.6,.510,.330,.759,15.6,.244,2011,/players/j/jamesle01.html
Luol Deng,25,CHI,0.0,24.0,600,0.040,82,39.1,17.4,5.8,2.8,1.0,0.6,.460,.345,.753,9.9,.149,2011,/players/d/denglu01.html
Kobe Bryant,32,LAL,0.0,18.0,600,0.030,82,33.9,25.3,5.1,4.7,1.2,0.1,.451,.323,.828,10.3,.178,2011,/players/b/bryanko01.html
Chuck Hayes,27,HOU,2.0,13.0,600,0.022,74,28.1,7.9,8.1,2.7,1.1,0.7,.527,.000,.662,6.3,.146,2011,/players/h/hayesch01.html
Chris Paul,25,NOH,0.0,13.0,600,0.022,80,36.0,15.9,4.1,9.8,2.4,0.1,.463,.388,.878,13.9,.232,2011,/players/p/paulch01.html
Serge Ibaka,21,OKC,0.0,12.0,600,0.020,82,27.0,9.9,7.6,0.3,0.4,2.4,.543,.000,.750,7.6,.164,2011,/players/i/ibakase01.html
Joakim Noah,25,CHI,1.0,11.0,600,0.018,48,32.8,11.7,10.4,2.2,1.0,1.5,.525,.000,.739,6.7,.205,2011,/players/n/noahjo01.html
Dwyane Wade,29,MIA,0.0,8.0,600,0.013,76,37.1,25.5,6.4,4.6,1.5,1.1,.500,.306,.758,12.8,.218,2011,/players/w/wadedw01.html
Tim Duncan,34,SAS,0.0,7.0,600,0.012,76,28.4,13.4,8.9,2.7,0.7,1.9,.500,.000,.716,7.7,.171,2011,/players/d/duncati01.html
Metta World Peace,31,LAL,0.0,6.0,600,0.010,82,29.4,8.5,3.3,2.1,1.5,0.4,.397,.356,.676,4.4,.088,2011,/players/a/artesro01.html
Keith Bogans,30,CHI,1.0,5.0,600,0.008,82,17.8,4.4,1.8,1.2,0.5,0.1,.404,.380,.656,3.6,.118,2011,/players/b/boganke01.html
JaVale McGee,23,WAS,0.0,5.0,600,0.008,79,27.8,10.1,8.0,0.5,0.5,2.4,.550,.000,.583,5.3,.115,2011,/players/m/mcgeeja01.html
Thabo Sefolosha,26,OKC,0.0,4.0,600,0.007,79,25.9,5.1,4.4,1.4,1.2,0.5,.471,.275,.747,4.1,.097,2011,/players/s/sefolth01.html
Andrew Bynum,23,LAL,0.0,3.0,600,0.005,54,27.8,11.3,9.4,1.4,0.4,2.0,.574,,.660,6.6,.210,2011,/players/b/bynuman01.html
Kenyon Martin,33,DEN,0.0,2.0,600,0.003,48,25.7,8.6,6.2,2.3,0.9,0.7,.511,.222,.583,2.7,.104,2011,/players/m/martike01.html
Gerald Wallace,28,TOT,0.0,2.0,600,0.003,71,37.9,15.7,8.0,2.4,1.5,0.9,.454,.333,.746,6.2,.111,2011,/players/w/wallage01.html
Josh Smith,25,ATL,0.0,1.0,600,0.002,77,34.4,16.5,8.5,3.3,1.3,1.6,.477,.331,.725,6.4,.116,2011,/players/s/smithjo03.html
Tyson Chandler,29,NYK,45.0,311.0,605,0.514,62,33.2,11.3,9.9,0.9,0.9,1.4,.679,.000,.689,9.5,.220,2012,/players/c/chandty01.html
Serge Ibaka,22,OKC,41.0,294.0,605,0.486,66,27.2,9.1,7.5,0.4,0.5,3.7,.535,.333,.661,6.2,.167,2012,/players/i/ibakase01.html
Dwight Howard,26,ORL,18.0,186.0,605,0.307,54,38.3,20.6,14.5,1.9,1.5,2.1,.573,.000,.491,7.7,.179,2012,/players/h/howardw01.html
LeBron James,27,MIA,7.0,112.0,605,0.185,62,37.5,27.1,7.9,6.2,1.9,0.8,.531,.362,.771,14.5,.298,2012,/players/j/jamesle01.html
Kevin Garnett,35,BOS,2.0,44.0,605,0.073,60,31.1,15.8,8.2,2.9,0.9,1.0,.503,.333,.857,6.9,.178,2012,/players/g/garneke01.html
Tony Allen,30,MEM,4.0,36.0,605,0.060,58,26.3,9.8,4.0,1.4,1.8,0.6,.469,.308,.800,4.2,.131,2012,/players/a/allento01.html
Andre Iguodala,28,PHI,1.0,33.0,605,0.055,62,35.6,12.4,6.1,5.5,1.7,0.5,.454,.394,.617,7.3,.158,2012,/players/i/iguodan01.html
Shawn Marion,33,DAL,2.0,17.0,605,0.028,63,30.5,10.6,7.4,2.1,1.1,0.6,.446,.294,.796,3.7,.092,2012,/players/m/mariosh01.html
Luol Deng,26,CHI,1.0,16.0,605,0.026,54,39.4,15.3,6.5,2.9,1.0,0.7,.412,.367,.770,5.8,.132,2012,/players/d/denglu01.html
Josh Smith,26,ATL,0.0,9.0,605,0.015,66,35.3,18.8,9.6,3.9,1.4,1.7,.458,.257,.630,6.8,.139,2012,/players/s/smithjo03.html
Joakim Noah,26,CHI,0.0,6.0,605,0.010,64,30.4,10.2,9.8,2.5,0.6,1.4,.508,.000,.748,9.0,.223,2012,/players/n/noahjo01.html
Marc Gasol,27,MEM,0.0,5.0,605,0.008,65,36.5,14.6,8.9,3.1,1.0,1.9,.482,.083,.748,8.2,.166,2012,/players/g/gasolma01.html
Chris Paul,26,LAC,0.0,5.0,605,0.008,60,36.4,19.8,3.6,9.1,2.5,0.1,.478,.371,.861,12.7,.278,2012,/players/p/paulch01.html
Avery Bradley,21,BOS,0.0,2.0,605,0.003,64,21.4,7.6,1.8,1.4,0.7,0.2,.498,.407,.795,2.4,.085,2012,/players/b/bradlav01.html
Mike Conley,24,MEM,0.0,2.0,605,0.003,62,35.1,12.7,2.5,6.5,2.2,0.2,.433,.377,.861,6.4,.141,2012,/players/c/conlemi01.html
Grant Hill,39,PHO,0.0,2.0,605,0.003,49,28.1,10.2,3.5,2.2,0.8,0.6,.446,.264,.761,1.6,.055,2012,/players/h/hillgr01.html
Iman Shumpert,21,NYK,0.0,2.0,605,0.003,59,28.9,9.5,3.2,2.8,1.7,0.1,.401,.306,.798,2.4,.068,2012,/players/s/shumpim01.html
Greg Monroe,21,DET,0.0,1.0,605,0.002,66,31.5,15.4,9.7,2.3,1.3,0.7,.521,.000,.739,7.0,.161,2012,/players/m/monrogr01.html
Dwyane Wade,30,MIA,0.0,1.0,605,0.002,49,33.2,22.1,4.8,4.6,1.7,1.3,.497,.268,.791,7.7,.227,2012,/players/w/wadedw01.html
Russell Westbrook,23,OKC,0.0,1.0,605,0.002,66,35.3,23.6,4.6,5.5,1.7,0.3,.457,.316,.823,7.9,.163,2012,/players/w/westbru01.html
Marc Gasol,28,MEM,30.0,212.0,605,0.350,80,35.0,14.1,7.8,4.0,1.0,1.7,.494,.071,.848,11.5,.197,2013,/players/g/gasolma01.html
LeBron James,28,MIA,18.0,149.0,605,0.246,76,37.9,26.8,8.0,7.3,1.7,0.9,.565,.406,.753,19.3,.322,2013,/players/j/jamesle01.html
Serge Ibaka,23,OKC,14.0,122.0,605,0.202,80,31.1,13.2,7.7,0.5,0.4,3.0,.573,.351,.749,9.4,.181,2013,/players/i/ibakase01.html
Joakim Noah,27,CHI,13.0,107.0,605,0.177,66,36.8,11.9,11.1,4.0,1.2,2.1,.481,.000,.751,7.3,.145,2013,/players/n/noahjo01.html
Tony Allen,31,MEM,9.0,102.0,605,0.169,79,26.7,8.9,4.6,1.2,1.5,0.6,.445,.125,.717,5.1,.115,2013,/players/a/allento01.html
Tim Duncan,36,SAS,11.0,94.0,605,0.155,69,30.1,17.8,9.9,2.7,0.7,2.7,.502,.286,.817,8.3,.191,2013,/players/d/duncati01.html
Larry Sanders,24,MIL,4.0,90.0,605,0.149,71,27.3,9.8,9.5,1.2,0.7,2.8,.506,.000,.618,6.0,.149,2013,/players/s/sandela01.html
Paul George,22,IND,8.0,57.0,605,0.094,79,37.6,17.4,7.6,4.1,1.8,0.6,.419,.362,.807,9.0,.145,2013,/players/g/georgpa01.html
Andre Iguodala,29,DEN,5.0,43.0,605,0.071,80,34.7,13.0,5.3,5.4,1.7,0.7,.451,.317,.574,5.6,.097,2013,/players/i/iguodan01.html
Roy Hibbert,26,IND,3.0,36.0,605,0.060,79,28.7,11.9,8.3,1.4,0.5,2.6,.448,.250,.741,6.1,.129,2013,/players/h/hibbero01.html
Chris Paul,27,LAC,2.0,19.0,605,0.031,70,33.4,16.9,3.7,9.7,2.4,0.1,.481,.328,.885,13.9,.287,2013,/players/p/paulch01.html
Avery Bradley,22,BOS,2.0,15.0,605,0.025,50,28.7,9.2,2.2,2.1,1.3,0.4,.402,.317,.755,0.4,.012,2013,/players/b/bradlav01.html
Tyson Chandler,30,NYK,0.0,11.0,605,0.018,66,32.8,10.4,10.7,0.9,0.6,1.1,.638,,.694,9.3,.207,2013,/players/c/chandty01.html
Dwight Howard,27,LAL,1.0,9.0,605,0.015,76,35.8,17.1,12.4,1.4,1.1,2.4,.578,.167,.492,7.6,.134,2013,/players/h/howardw01.html
Luol Deng,27,CHI,1.0,6.0,605,0.010,75,38.7,16.5,6.3,3.0,1.1,0.4,.426,.322,.816,6.3,.105,2013,/players/d/denglu01.html
Dwyane Wade,31,MIA,0.0,4.0,605,0.007,69,34.7,21.2,5.0,5.1,1.9,0.8,.521,.258,.725,9.6,.192,2013,/players/w/wadedw01.html
Trevor Ariza,27,WAS,0.0,3.0,605,0.005,56,26.3,9.5,4.8,2.0,1.3,0.4,.417,.364,.821,3.1,.102,2013,/players/a/arizatr01.html
Jimmy Butler,23,CHI,0.0,3.0,605,0.005,82,26.0,8.6,4.0,1.4,1.0,0.4,.467,.381,.803,7.0,.158,2013,/players/b/butleji01.html
Kenneth Faried,23,DEN,0.0,3.0,605,0.005,80,28.1,11.5,9.2,1.0,1.0,1.0,.552,,.613,7.8,.167,2013,/players/f/farieke01.html
Russell Westbrook,24,OKC,0.0,3.0,605,0.005,82,34.9,23.2,5.2,7.4,1.8,0.3,.438,.323,.800,11.6,.195,2013,/players/w/westbru01.html
Mike Conley,25,MEM,0.0,1.0,605,0.002,80,34.5,14.6,2.8,6.1,2.2,0.3,.440,.362,.830,9.9,.172,2013,/players/c/conlemi01.html
Joakim Noah,28,CHI,100.0,555.0,625,0.888,80,35.3,12.6,11.3,5.4,1.2,1.5,.475,.000,.737,11.2,.190,2014,/players/n/noahjo01.html
Roy Hibbert,27,IND,8.0,166.0,625,0.266,81,29.7,10.8,6.6,1.1,0.4,2.2,.439,.400,.770,5.4,.108,2014,/players/h/hibbero01.html
DeAndre Jordan,25,LAC,8.0,121.0,625,0.194,82,35.0,10.4,13.6,0.9,1.0,2.5,.676,,.428,11.1,.186,2014,/players/j/jordade01.html
Serge Ibaka,24,OKC,2.0,79.0,625,0.126,81,32.9,15.1,8.8,1.0,0.5,2.7,.536,.383,.784,9.6,.173,2014,/players/i/ibakase01.html
Andre Iguodala,30,GSW,1.0,47.0,625,0.075,63,32.4,9.3,4.7,4.2,1.5,0.3,.480,.354,.652,5.8,.135,2014,/players/i/iguodan01.html
LeBron James,29,MIA,2.0,31.0,625,0.050,77,37.7,27.1,6.9,6.3,1.6,0.3,.567,.379,.750,15.9,.264,2014,/players/j/jamesle01.html
Paul George,23,IND,0.0,30.0,625,0.048,80,36.2,21.7,6.8,3.5,1.9,0.3,.424,.364,.864,10.8,.178,2014,/players/g/georgpa01.html
Anthony Davis,20,NOP,1.0,25.0,625,0.040,67,35.2,20.8,10.0,1.6,1.3,2.8,.519,.222,.791,10.4,.212,2014,/players/d/davisan02.html
Dwight Howard,28,HOU,1.0,25.0,625,0.040,71,33.7,18.3,12.2,1.8,0.8,1.8,.591,.286,.547,8.0,.161,2014,/players/h/howardw01.html
Andrew Bogut,29,GSW,1.0,11.0,625,0.018,67,26.4,7.3,10.0,1.7,0.7,1.8,.627,,.344,6.5,.176,2014,/players/b/bogutan01.html
Kawhi Leonard,22,SAS,0.0,9.0,625,0.014,66,29.1,12.8,6.2,2.0,1.7,0.8,.522,.379,.802,7.7,.193,2014,/players/l/leonaka01.html
P.J. Tucker,28,PHO,1.0,6.0,625,0.010,81,30.7,9.4,6.5,1.7,1.4,0.3,.431,.387,.776,6.1,.117,2014,/players/t/tuckepj01.html
Tim Duncan,37,SAS,0.0,5.0,625,0.008,74,29.2,15.1,9.7,3.0,0.6,1.9,.490,.000,.731,7.4,.164,2014,/players/d/duncati01.html
Chris Paul,28,LAC,0.0,5.0,625,0.008,62,35.0,19.1,4.3,10.7,2.5,0.1,.467,.368,.855,12.2,.270,2014,/players/p/paulch01.html
Trevor Ariza,28,WAS,0.0,4.0,625,0.006,77,35.4,14.4,6.2,2.5,1.6,0.3,.456,.407,.772,8.0,.141,2014,/players/a/arizatr01.html
Marc Gasol,29,MEM,0.0,4.0,625,0.006,59,33.4,14.6,7.2,3.6,1.0,1.3,.473,.182,.768,5.6,.137,2014,/players/g/gasolma01.html
Patrick Beverley,25,HOU,0.0,2.0,625,0.003,56,31.3,10.2,3.5,2.7,1.4,0.4,.414,.361,.814,4.2,.116,2014,/players/b/beverpa01.html
Kawhi Leonard,23,SAS,37.0,333.0,645,0.516,64,31.8,16.5,7.2,2.5,2.3,0.8,.479,.349,.802,8.6,.204,2015,/players/l/leonaka01.html
Draymond Green,24,GSW,45.0,317.0,645,0.491,79,31.5,11.7,8.2,3.7,1.6,1.3,.443,.337,.660,8.5,.163,2015,/players/g/greendr01.html
DeAndre Jordan,26,LAC,32.0,261.0,645,0.405,82,34.4,11.5,15.0,0.7,1.0,2.2,.710,.250,.397,12.8,.217,2015,/players/j/jordade01.html
Anthony Davis,21,NOP,11.0,107.0,645,0.166,68,36.1,24.4,10.2,2.2,1.5,2.9,.535,.083,.805,14.0,.274,2015,/players/d/davisan02.html
Rudy Gobert,22,UTA,2.0,33.0,645,0.051,82,26.3,8.4,9.5,1.3,0.8,2.3,.604,.000,.623,9.3,.206,2015,/players/g/goberru01.html
Andrew Bogut,30,GSW,0.0,31.0,645,0.048,67,23.6,6.3,8.1,2.7,0.6,1.7,.563,,.524,5.2,.159,2015,/players/b/bogutan01.html
Tony Allen,33,MEM,1.0,29.0,645,0.045,63,26.2,8.6,4.4,1.4,2.0,0.5,.495,.345,.627,4.1,.119,2015,/players/a/allento01.html
Tim Duncan,38,SAS,1.0,12.0,645,0.019,77,28.9,13.9,9.1,3.0,0.8,2.0,.512,.286,.740,9.6,.207,2015,/players/d/duncati01.html
Michael Kidd-Gilchrist,21,CHO,0.0,9.0,645,0.014,55,28.9,10.9,7.6,1.4,0.5,0.7,.465,,.701,3.8,.114,2015,/players/k/kiddgmi01.html
Jimmy Butler,25,CHI,0.0,7.0,645,0.011,65,38.7,20.0,5.8,3.3,1.8,0.6,.462,.378,.834,11.2,.214,2015,/players/b/butleji01.html
Marc Gasol,30,MEM,0.0,7.0,645,0.011,81,33.2,17.4,7.8,3.8,0.9,1.6,.494,.176,.795,10.2,.182,2015,/players/g/gasolma01.html
Joakim Noah,29,CHI,0.0,4.0,645,0.006,67,30.6,7.2,9.6,4.7,0.7,1.1,.445,.000,.603,5.6,.130,2015,/players/n/noahjo01.html
Trevor Ariza,29,HOU,0.0,3.0,645,0.005,82,35.7,12.8,5.6,2.5,1.9,0.2,.402,.350,.853,6.6,.108,2015,/players/a/arizatr01.html
LeBron James,30,CLE,0.0,3.0,645,0.005,69,36.1,25.3,6.0,7.4,1.6,0.7,.488,.354,.710,10.4,.199,2015,/players/j/jamesle01.html
Patrick Beverley,26,HOU,0.0,1.0,645,0.002,56,30.8,10.1,4.2,3.4,1.1,0.4,.383,.356,.750,3.5,.096,2015,/players/b/beverpa01.html
DeMarre Carroll,28,ATL,0.0,1.0,645,0.002,70,31.3,12.6,5.3,1.7,1.3,0.2,.487,.395,.702,7.0,.154,2015,/players/c/carrode01.html
Nerlens Noel,20,PHI,0.0,1.0,645,0.002,75,30.8,9.9,8.1,1.7,1.8,1.9,.462,,.609,4.0,.083,2015,/players/n/noelne01.html
Chris Paul,29,LAC,0.0,1.0,645,0.002,82,34.8,19.1,4.6,10.2,1.9,0.2,.485,.398,.900,16.1,.270,2015,/players/p/paulch01.html
Hassan Whiteside,25,MIA,0.0,1.0,645,0.002,48,23.8,11.8,10.0,0.1,0.6,2.6,.628,,.500,5.3,.221,2015,/players/w/whiteha01.html
Kawhi Leonard,24,SAS,84.0,547.0,650,0.842,72,33.1,21.2,6.8,2.6,1.8,1.0,.506,.443,.874,13.7,.277,2016,/players/l/leonaka01.html
Draymond Green,25,GSW,44.0,421.0,650,0.648,81,34.7,14.0,9.5,7.4,1.5,1.4,.490,.388,.696,11.1,.190,2016,/players/g/greendr01.html
Hassan Whiteside,26,MIA,2.0,83.0,650,0.128,73,29.1,14.2,11.8,0.4,0.6,3.7,.606,,.650,10.3,.233,2016,/players/w/whiteha01.html
DeAndre Jordan,27,LAC,0.0,50.0,650,0.077,77,33.7,12.7,13.8,1.2,0.7,2.3,.703,.000,.430,11.5,.213,2016,/players/j/jordade01.html
Paul Millsap,30,ATL,0.0,21.0,650,0.032,81,32.7,17.1,9.0,3.3,1.8,1.7,.470,.319,.757,10.1,.183,2016,/players/m/millspa01.html
Avery Bradley,25,BOS,0.0,14.0,650,0.022,76,33.4,15.2,2.9,2.1,1.5,0.3,.447,.361,.780,4.8,.090,2016,/players/b/bradlav01.html
Rudy Gobert,23,UTA,0.0,13.0,650,0.020,61,31.7,9.1,11.0,1.5,0.7,2.2,.559,,.569,6.4,.160,2016,/players/g/goberru01.html
Tony Allen,34,MEM,0.0,5.0,650,0.008,64,25.3,8.4,4.6,1.1,1.7,0.3,.458,.357,.652,2.4,.072,2016,/players/a/allento01.html
Anthony Davis,22,NOP,0.0,4.0,650,0.006,61,35.5,24.3,10.3,1.9,1.3,2.0,.493,.324,.758,7.2,.160,2016,/players/d/davisan02.html
Andre Drummond,22,DET,0.0,3.0,650,0.005,81,32.9,16.2,14.8,0.8,1.5,1.4,.521,.333,.355,7.4,.133,2016,/players/d/drumman01.html
Jimmy Butler,26,CHI,0.0,2.0,650,0.003,67,36.9,20.9,5.3,4.8,1.6,0.6,.454,.312,.832,9.1,.177,2016,/players/b/butleji01.html
LeBron James,31,CLE,0.0,2.0,650,0.003,76,35.6,25.3,7.4,6.8,1.4,0.6,.520,.309,.731,13.6,.242,2016,/players/j/jamesle01.html
Trevor Ariza,30,HOU,0.0,1.0,650,0.002,81,35.3,12.7,4.5,2.3,2.0,0.3,.416,.371,.783,5.4,.090,2016,/players/a/arizatr01.html
Jae Crowder,25,BOS,0.0,1.0,650,0.002,73,31.6,14.2,5.1,1.8,1.7,0.5,.443,.336,.820,7.3,.152,2016,/players/c/crowdja01.html
Al Horford,29,ATL,0.0,1.0,650,0.002,82,32.1,15.2,7.3,3.2,0.8,1.5,.505,.344,.798,9.4,.172,2016,/players/h/horfoal01.html
Kyle Lowry,29,TOR,0.0,1.0,650,0.002,77,37.0,21.2,4.7,6.4,2.1,0.4,.427,.388,.811,11.6,.196,2016,/players/l/lowryky01.html
Chris Paul,30,LAC,0.0,1.0,650,0.002,74,32.7,19.5,4.2,10.0,2.1,0.2,.462,.371,.896,12.7,.253,2016,/players/p/paulch01.html
Draymond Green,26,GSW,73.0,434.0,500,0.868,76,32.5,10.2,7.9,7.0,2.0,1.4,.418,.308,.709,8.2,.160,2017,/players/g/greendr01.html
Rudy Gobert,24,UTA,16.0,269.0,500,0.538,81,33.9,14.0,12.8,1.2,0.6,2.6,.661,.000,.653,14.3,.250,2017,/players/g/goberru01.html
Kawhi Leonard,25,SAS,11.0,182.0,500,0.364,74,33.4,25.5,5.8,3.5,1.8,0.7,.485,.380,.880,13.6,.264,2017,/players/l/leonaka01.html
Robert Covington,26,PHI,0.0,4.0,500,0.008,67,31.6,12.9,6.5,1.5,1.9,1.0,.399,.333,.822,3.1,.071,2017,/players/c/covinro01.html
LeBron James,32,CLE,0.0,3.0,500,0.006,74,37.8,26.4,8.6,8.7,1.2,0.6,.548,.363,.674,12.9,.221,2017,/players/j/jamesle01.html
Andre Roberson,25,OKC,0.0,3.0,500,0.006,79,30.1,6.6,5.1,1.0,1.2,1.0,.464,.245,.423,4.2,.085,2017,/players/r/roberan03.html
Hassan Whiteside,27,MIA,0.0,3.0,500,0.006,77,32.6,17.0,14.1,0.7,0.7,2.1,.557,,.628,9.5,.181,2017,/players/w/whiteha01.html
LaMarcus Aldridge,31,SAS,0.0,1.0,500,0.002,72,32.4,17.3,7.3,1.9,0.6,1.2,.477,.411,.812,7.2,.149,2017,/players/a/aldrila01.html
Patrick Beverley,28,HOU,0.0,1.0,500,0.002,67,30.7,9.5,5.9,4.2,1.5,0.4,.420,.382,.768,5.3,.123,2017,/players/b/beverpa01.html
Rudy Gobert,25,UTA,89.0,466.0,505,0.923,56,32.4,13.5,10.7,1.4,0.8,2.3,.622,,.682,8.1,.214,2018,/players/g/goberru01.html
Joel Embiid,23,PHI,2.0,163.0,505,0.323,63,30.3,22.9,11.0,3.2,0.6,1.8,.483,.308,.769,6.2,.155,2018,/players/e/embiijo01.html
Anthony Davis,24,NOP,5.0,139.0,505,0.275,75,36.4,28.1,11.1,2.3,1.5,2.6,.534,.340,.828,13.7,.241,2018,/players/d/davisan02.html
Paul George,27,OKC,2.0,38.0,505,0.075,79,36.6,21.9,5.7,3.3,2.0,0.5,.430,.401,.822,8.9,.147,2018,/players/g/georgpa01.html
Al Horford,31,BOS,1.0,37.0,505,0.073,72,31.6,12.9,7.4,4.7,0.6,1.1,.489,.429,.783,7.8,.165,2018,/players/h/horfoal01.html
Draymond Green,27,GSW,1.0,20.0,505,0.040,70,32.7,11.0,7.6,7.3,1.4,1.3,.454,.301,.775,6.1,.127,2018,/players/g/greendr01.html
Jrue Holiday,27,NOP,1.0,11.0,505,0.022,81,36.1,19.0,4.5,6.0,1.5,0.8,.494,.337,.786,7.1,.116,2018,/players/h/holidjr01.html
Robert Covington,27,PHI,0.0,8.0,505,0.016,80,31.7,12.6,5.4,2.0,1.7,0.9,.413,.369,.853,6.1,.116,2018,/players/c/covinro01.html
Kevin Durant,29,GSW,0.0,7.0,505,0.014,68,34.2,26.4,6.8,5.4,0.7,1.8,.516,.419,.889,10.4,.215,2018,/players/d/duranke01.html
Jaylen Brown,21,BOS,0.0,5.0,505,0.010,70,30.7,14.5,4.9,1.6,1.0,0.4,.465,.395,.644,4.5,.100,2018,/players/b/brownja02.html
Klay Thompson,27,GSW,0.0,4.0,505,0.008,73,34.3,20.0,3.8,2.5,0.8,0.5,.488,.440,.837,4.9,.094,2018,/players/t/thompkl01.html
Steven Adams,24,OKC,0.0,3.0,505,0.006,76,32.7,13.9,9.0,1.2,1.2,1.0,.629,.000,.559,9.7,.187,2018,/players/a/adamsst01.html
Jimmy Butler,28,MIN,0.0,3.0,505,0.006,59,36.7,22.2,5.3,4.9,2.0,0.4,.474,.350,.854,8.9,.198,2018,/players/b/butleji01.html
Clint Capela,23,HOU,0.0,2.0,505,0.004,74,27.5,13.9,10.8,0.9,0.8,1.9,.652,.000,.560,10.2,.242,2018,/players/c/capelca01.html
Andre Drummond,24,DET,0.0,1.0,505,0.002,78,33.7,15.0,16.0,3.0,1.5,1.6,.529,.000,.605,10.3,.189,2018,/players/d/drumman01.html
Jusuf Nurkić,23,POR,0.0,1.0,505,0.002,79,26.4,14.3,9.0,1.8,0.8,1.4,.505,.000,.630,4.7,.108,2018,/players/n/nurkiju01.html
Victor Oladipo,25,IND,0.0,1.0,505,0.002,75,34.0,23.1,5.2,4.3,2.4,0.8,.477,.371,.799,8.2,.155,2018,/players/o/oladivi01.html
Rudy Gobert,26,UTA,65.0,411.0,500,0.822,81,31.8,15.9,12.9,2.0,0.8,2.3,.669,,.636,14.4,.268,2019,/players/g/goberru01.html
Giannis Antetokounmpo,24,MIL,26.0,280.0,500,0.560,72,32.8,27.7,12.5,5.9,1.3,1.5,.578,.256,.729,14.4,.292,2019,/players/a/antetgi01.html
Paul George,28,OKC,6.0,150.0,500,0.300,77,36.9,28.0,8.2,4.1,2.2,0.4,.438,.386,.839,11.9,.201,2019,/players/g/georgpa01.html
Joel Embiid,24,PHI,1.0,26.0,500,0.052,64,33.7,27.5,13.6,3.7,0.7,1.9,.484,.300,.804,8.7,.194,2019,/players/e/embiijo01.html
Myles Turner,22,IND,0.0,15.0,500,0.030,74,28.6,13.3,7.2,1.6,0.8,2.7,.487,.388,.736,6.3,.144,2019,/players/t/turnemy01.html
Draymond Green,28,GSW,1.0,6.0,500,0.012,66,31.3,7.4,7.3,6.9,1.4,1.1,.445,.285,.692,4.3,.100,2019,/players/g/greendr01.html
Kawhi Leonard,27,TOR,1.0,6.0,500,0.012,60,34.0,26.6,7.3,3.3,1.8,0.4,.496,.371,.854,9.5,.224,2019,/players/l/leonaka01.html
Marcus Smart,24,BOS,0.0,4.0,500,0.008,80,27.5,8.9,2.9,4.0,1.8,0.4,.422,.364,.806,5.3,.116,2019,/players/s/smartma01.html
Jarrett Allen,20,BRK,0.0,1.0,500,0.002,80,26.2,10.9,8.4,1.4,0.5,1.5,.590,.133,.709,7.6,.175,2019,/players/a/allenja01.html
Patrick Beverley,30,LAC,0.0,1.0,500,0.002,78,27.4,7.6,5.0,3.8,0.9,0.6,.407,.397,.780,4.8,.108,2019,/players/b/beverpa01.html
Giannis Antetokounmpo,25,MIL,75.0,432.0,500,0.864,63,30.4,29.5,13.6,5.6,1.0,1.0,.553,.304,.633,11.1,.279,2020,/players/a/antetgi01.html
Anthony Davis,26,LAL,14.0,200.0,500,0.400,62,34.4,26.1,9.3,3.2,1.5,2.3,.503,.330,.846,11.1,.250,2020,/players/d/davisan02.html
Rudy Gobert,27,UTA,6.0,187.0,500,0.374,68,34.3,15.1,13.5,1.5,0.8,2.0,.693,,.630,10.7,.221,2020,/players/g/goberru01.html
Ben Simmons,23,PHI,1.0,32.0,500,0.064,57,35.4,16.4,7.8,8.0,2.1,0.6,.580,.286,.621,6.9,.165,2020,/players/s/simmobe01.html
Bam Adebayo,22,MIA,2.0,17.0,500,0.034,72,33.6,15.9,10.2,5.1,1.1,1.3,.557,.143,.691,8.5,.168,2020,/players/a/adebaba01.html
Patrick Beverley,31,LAC,1.0,7.0,500,0.014,51,26.3,7.9,5.2,3.6,1.1,0.5,.431,.388,.660,3.6,.128,2020,/players/b/beverpa01.html
Marcus Smart,25,BOS,0.0,7.0,500,0.014,60,32.0,12.9,3.8,4.9,1.7,0.5,.375,.347,.836,4.5,.112,2020,/players/s/smartma01.html
Andre Drummond,26,TOT,1.0,5.0,500,0.010,57,33.0,17.7,15.2,2.7,1.9,1.6,.533,.143,.575,4.2,.108,2020,/players/d/drumman01.html
Kawhi Leonard,28,LAC,0.0,5.0,500,0.010,57,32.4,27.1,7.1,4.9,1.8,0.6,.470,.378,.886,8.7,.226,2020,/players/l/leonaka01.html
Brook Lopez,31,MIL,0.0,4.0,500,0.008,68,26.7,12.0,4.6,1.5,0.7,2.4,.435,.314,.836,5.5,.145,2020,/players/l/lopezbr01.html
Hassan Whiteside,30,POR,0.0,3.0,500,0.006,67,30.0,15.5,13.5,1.2,0.4,2.9,.621,.571,.686,8.5,.204,2020,/players/w/whiteha01.html
Jarrett Allen,21,BRK,0.0,1.0,500,0.002,70,26.5,11.1,9.6,1.6,0.6,1.3,.649,.000,.633,8.2,.212,2020,/players/a/allenja01.html
Rudy Gobert,28,UTA,84.0,464.0,500,0.928,71,30.8,14.3,13.5,1.3,0.6,2.7,.675,.000,.623,11.3,.248,2021,/players/g/goberru01.html
Ben Simmons,24,PHI,15.0,287.0,500,0.574,58,32.4,14.3,7.2,6.9,1.6,0.6,.557,.300,.613,6.0,.153,2021,/players/s/simmobe01.html
Draymond Green,30,GSW,0.0,76.0,500,0.152,63,31.5,7.0,7.1,8.9,1.7,0.8,.447,.270,.795,4.6,.112,2021,/players/g/greendr01.html
Bam Adebayo,23,MIA,1.0,31.0,500,0.062,64,33.5,18.7,9.0,5.4,1.2,1.0,.570,.250,.799,8.8,.197,2021,/players/a/adebaba01.html
Giannis Antetokounmpo,26,MIL,0.0,12.0,500,0.024,61,33.0,28.1,11.0,5.9,1.2,1.2,.569,.303,.685,10.2,.244,2021,/players/a/antetgi01.html
Clint Capela,26,ATL,0.0,10.0,500,0.020,63,30.1,15.2,14.3,0.8,0.7,2.0,.594,,.573,8.2,.207,2021,/players/c/capelca01.html
Joel Embiid,26,PHI,0.0,7.0,500,0.014,51,31.1,28.5,10.6,2.8,1.0,1.4,.513,.377,.859,8.8,.266,2021,/players/e/embiijo01.html
Jrue Holiday,30,MIL,0.0,6.0,500,0.012,59,32.3,17.7,4.5,6.1,1.6,0.6,.503,.392,.787,6.6,.165,2021,/players/h/holidjr01.html
Myles Turner,24,IND,0.0,3.0,500,0.006,47,31.0,12.6,6.5,1.0,0.9,3.4,.477,.335,.782,3.3,.110,2021,/players/t/turnemy01.html
Jimmy Butler,31,MIA,0.0,2.0,500,0.004,52,33.6,21.5,6.9,7.1,2.1,0.3,.497,.245,.863,9.3,.255,2021,/players/b/butleji01.html
Kentavious Caldwell-Pope,27,LAL,0.0,1.0,500,0.002,67,28.4,9.7,2.7,1.9,0.9,0.4,.431,.410,.866,4.2,.107,2021,/players/c/caldwke01.html
Matisse Thybulle,23,PHI,0.0,1.0,500,0.002,65,20.0,3.9,1.9,1.0,1.6,1.1,.420,.301,.444,2.8,.102,2021,/players/t/thybuma01.html
Marcus Smart,27,BOS,37.0,257.0,500,0.514,71,32.3,12.1,3.8,5.9,1.7,0.3,.418,.331,.793,5.6,.116,2022,/players/s/smartma01.html
Mikal Bridges,25,PHO,22.0,202.0,500,0.404,82,34.8,14.2,4.2,2.3,1.2,0.4,.534,.369,.834,8.9,.150,2022,/players/b/bridgmi01.html
Rudy Gobert,29,UTA,12.0,136.0,500,0.272,66,32.1,15.6,14.7,1.1,0.7,2.1,.713,.000,.690,11.7,.264,2022,/players/g/goberru01.html
Bam Adebayo,24,MIA,13.0,128.0,500,0.256,56,32.6,19.1,10.1,3.4,1.4,0.8,.557,.000,.753,7.2,.188,2022,/players/a/adebaba01.html
Jaren Jackson Jr.,22,MEM,10.0,99.0,500,0.198,78,27.3,16.3,5.8,1.1,0.9,2.3,.415,.319,.823,5.4,.121,2022,/players/j/jacksja02.html
Giannis Antetokounmpo,27,MIL,5.0,58.0,500,0.116,67,32.9,29.9,11.6,5.8,1.1,1.4,.553,.293,.722,12.9,.281,2022,/players/a/antetgi01.html
Robert Williams,24,BOS,1.0,8.0,500,0.016,61,29.6,10.0,9.6,2.0,0.9,2.2,.736,.000,.722,9.9,.262,2022,/players/w/williro04.html
Jrue Holiday,31,MIL,0.0,6.0,500,0.012,67,32.9,18.3,4.5,6.8,1.6,0.4,.501,.411,.761,6.9,.150,2022,/players/h/holidjr01.html
Al Horford,35,BOS,0.0,3.0,500,0.006,69,29.1,10.2,7.7,3.4,0.7,1.3,.467,.336,.842,7.6,.181,2022,/players/h/horfoal01.html
Draymond Green,31,GSW,0.0,2.0,500,0.004,46,28.9,7.5,7.3,7.0,1.3,1.1,.525,.296,.659,3.6,.131,2022,/players/g/greendr01.html
Matisse Thybulle,24,PHI,0.0,1.0,500,0.002,66,25.5,5.7,2.3,1.1,1.7,1.1,.500,.313,.791,3.7,.107,2022,/players/t/thybuma01.html
